text,label
please explain overfitting in machine learning with an example,study_explain
could you tell me prepare concise notes on python with important points,study_notes
could you suggest a tv series for me,generic
prepare quick revision cards for revision,study_flashcards
could you tell me give me a brief overview of operating systems briefly,study_summary
can you tell me explain primary keys and foreign keys in detail,study_explain
can you give me a simple dinner recipe today,generic
can you help me help me write a birthday message this weekend,generic
please explain sql joins step by step,study_explain
could you help me recommend a restaurant nearby for me,generic
tell me give me the essential points in a few points,study_summary
could you tell me generate cards for important concepts covering important concepts,study_flashcards
could you help me tell me a joke for this evening,generic
can you recommend a restaurant nearby,generic
can you tell me turn my study material into notes in concise form,study_notes
i want to know make flashcards for quick revision covering important concepts,study_flashcards
tell me make flashcards for quick revision with questions and answers,study_flashcards
help me make a quick summary of this lesson briefly,study_summary
can you help me help me write a birthday message for this evening,generic
help me give me a simple dinner recipe when you can,generic
please tell me a joke this weekend,generic
can you summarize the uploaded document in simple words,study_summary
help me create notes about operating system deadlocks with headings,study_notes
help me prepare flashcards for my exam covering important concepts,study_flashcards
give me a brief overview of operating systems for my exam,study_summary
i need to know test my knowledge of data structures with multiple choice options,study_quiz
could you tell me what is feature engineering with an example,study_explain
help me give me the essential points,study_summary
make notes about operating systems,study_notes
i want to know give me exam notes for this topic with important points,study_notes
i need to know summarize the important formulas in a few points,study_summary
please test my understanding of operating systems for practice,study_quiz
make practice questions for this lesson with answers,study_quiz
could you what is feature engineering in simple words,study_explain
please create flashcards about operating systems for revision,study_flashcards
could you give me a simple dinner recipe for me,generic
could you generate revision notes for revision,study_notes
prepare flashcards for my exam for my exam,study_flashcards
i want to know summarize this article for studying in short,study_summary
please create flashcards from my notes for quick revision,study_flashcards
i want to know make flashcards for python concepts covering important concepts,study_flashcards
can you what is a good book to read for fun for this evening,generic
please help me recommend a restaurant nearby for this evening,generic
i need to know make notes on object oriented programming with important points,study_notes
tell me generate questions for revision at beginner level,study_quiz
can you prepare notes about cloud computing for my exam,study_notes
please give me a short revision of this lesson briefly,study_summary
i want to know prepare notes about cloud computing in simple language,study_notes
could you what is feature engineering simply,study_explain
recommend a restaurant nearby please,generic
please help me help me write a birthday message if possible,generic
i want to suggest a movie for the weekend please,generic
can you help me how is the weather today,generic
help me create notes on artificial intelligence,study_notes
tell me make revision notes for me in simple language,study_notes
i want to know make a quiz about computer networks at intermediate level,study_quiz
i need to know create notes on artificial intelligence in a structured format,study_notes
could you tell me turn my study material into notes,study_notes
help me understand computer networks in simple words,study_explain
help me generate practice mcqs for my exam,study_quiz
could you tell me give me practice questions on sql at intermediate level,study_quiz
please turn my notes into study cards with questions and answers,study_flashcards
could you tell me give me a brief revision guide for quick revision,study_summary
give me practice questions on sql for my exam,study_quiz
i want to know explain object oriented programming for beginners,study_explain
i want to know make revision notes for me,study_notes
help me create notes for this chapter with important points,study_notes
could you make revision notes for me in concise form,study_notes
could you explain primary keys and foreign keys step by step,study_explain
please help me what is trending on social media please,generic
can you tell me create notes on artificial intelligence with important points,study_notes
could you test my understanding of operating systems with multiple choice options,study_quiz
help me create flashcards from my notes for quick revision,study_flashcards
generate flashcards for revision in simple language,study_flashcards
can you tell me test me on machine learning at beginner level,study_quiz
please explain object oriented programming in simple words,study_explain
suggest a restaurant nearby if possible,generic
i need help to what is trending on social media for me,generic
i need to know generate flashcards for revision in simple language,study_flashcards
please help me help me write a birthday message right now,generic
i want to know make a quiz about computer networks for practice,study_quiz
please test my understanding of operating systems with multiple choice options,study_quiz
please create an exam quiz for me for my exam,study_quiz
can you help me suggest a tv series for this evening,generic
help me what can i do this weekend when you can,generic
could you tell me give me the essential points for quick revision,study_summary
give me some ideas for a movie for the weekend for me,generic
i need to know create notes about operating system deadlocks in simple language,study_notes
could you tell me make revision notes for me,study_notes
help me turn my notes into study cards for quick revision,study_flashcards
could you tell me turn this study material into flashcards for revision,study_flashcards
please make flashcards about computer networks for quick revision,study_flashcards
can you summarize the uploaded document,study_summary
give me ideas for a birthday party,generic
please recommend a restaurant nearby when you can,generic
i want to know generate questions for revision with answers,study_quiz
i need to know explain cloud computing in simple terms,study_explain
can you explain overfitting in machine learning,study_explain
suggest a restaurant nearby for this evening,generic
please suggest a tv series for this evening,generic
please create flashcards about operating systems,study_flashcards
i need to know what is encapsulation in simple words,study_explain
i want to know give me a brief overview of operating systems concisely,study_summary
please turn these paragraphs into notes in a structured format,study_notes
help me help me understand computer networks clearly,study_explain
tell me quiz me on object oriented programming for revision,study_quiz
could you make flashcards for python concepts in simple language,study_flashcards
prepare notes about cloud computing,study_notes
could you explain object oriented programming for beginners,study_explain
can you tell me make revision flashcards covering important concepts,study_flashcards
please generate flashcards for revision,study_flashcards
i need to know give me the essential points in short,study_summary
help me make flashcards about computer networks for my exam,study_flashcards
i need to know prepare notes about cloud computing,study_notes
could you help me what is a good book to read for fun please,generic
could you create flashcards about operating systems in simple language,study_flashcards
please what is a good book to read for fun this weekend,generic
help me find a restaurant nearby,generic
can you what is feature engineering clearly,study_explain
can you help me understand computer networks clearly,study_explain
i need to know make revision notes for me,study_notes
help me what is encapsulation in an easy way,study_explain
please prepare concise notes on python in concise form,study_notes
i want to know make revision notes for me for my exam,study_notes
could you tell me turn these paragraphs into notes with headings,study_notes
can you summarize this article for studying briefly,study_summary
help me prepare notes about cloud computing in simple language,study_notes
recommend a movie for the weekend please,generic
could you tell me give me practice questions on sql at beginner level,study_quiz
can you what is encapsulation simply,study_explain
please give me practice questions on sql for revision,study_quiz
can you tell me create an exam quiz for me with answers,study_quiz
please prepare concise notes on python in simple language,study_notes
can you make a quiz about computer networks at beginner level,study_quiz
tell me explain cloud computing in simple terms,study_explain
i want to know create notes on artificial intelligence in simple language,study_notes
i want to know generate revision notes,study_notes
i need help to suggest a movie for the weekend this weekend,generic
can you suggest a restaurant nearby if possible,generic
could you tell me help me understand computer networks for beginners,study_explain
could you create flashcards from my notes for quick revision,study_flashcards
help me what can i do this weekend if possible,generic
please prepare notes about cloud computing for my exam,study_notes
help me give me a short revision of this lesson,study_summary
could you explain primary keys and foreign keys,study_explain
please give me a simple dinner recipe today,generic
could you tell me generate cards for important concepts in simple language,study_flashcards
could you explain object oriented programming simply,study_explain
what is trending on social media,generic
please generate practice mcqs at beginner level,study_quiz
please create flashcards about operating systems for my exam,study_flashcards
i need to know make a quick summary of this lesson briefly,study_summary
can you help me write a birthday message please,generic
help me what is feature engineering in simple terms,study_explain
help me test my understanding of operating systems with answers,study_quiz
can you tell me prepare flashcards for my exam for my exam,study_flashcards
help me explain sql joins in detail,study_explain
can you tell me test my understanding of operating systems for my exam,study_quiz
please give me a simple dinner recipe right now,generic
can you what is feature engineering with an example,study_explain
turn my study material into notes with headings,study_notes
could you explain cloud computing in simple words,study_explain
can you suggest a good book to read for fun this weekend,generic
could you make revision flashcards covering important concepts,study_flashcards
can you give me a short revision of this lesson for my exam,study_summary
i need to know create an exam quiz for me for practice,study_quiz
explain overfitting in machine learning for beginners,study_explain
can you recommend a restaurant nearby please,generic
i need to know give me exam notes for this topic with important points,study_notes
could you tell me prepare notes about cloud computing for revision,study_notes
help me tell me a joke if possible,generic
could you explain cloud computing simply,study_explain
can you what is trending on social media,generic
please create notes on artificial intelligence in concise form,study_notes
i want to know give me the essential points in a few points,study_summary
could you tell me make a quiz about computer networks for my exam,study_quiz
make a practice test for DBMS,study_quiz
please make a quick summary of this lesson,study_summary
could you tell me make revision flashcards for my exam,study_flashcards
can you tell me summarize the causes of world war 1 in a few points,study_summary
i need help to what is a good book to read for fun for this evening,generic
could you tell me test me on machine learning at beginner level,study_quiz
create a short quiz about algorithms,study_quiz
please turn these paragraphs into notes for revision,study_notes
i want to know summarize the important formulas,study_summary
make flashcards about computer networks for quick revision,study_flashcards
can you make notes on object oriented programming in concise form,study_notes
please make revision flashcards with questions and answers,study_flashcards
can you tell me generate revision notes with headings,study_notes
help me explain cloud computing in detail,study_explain
please what is inheritance in java clearly,study_explain
could you tell me make notes on object oriented programming for revision,study_notes
i need to know make revision flashcards for revision,study_flashcards
can you tell me give me the chapter summary in a few points,study_summary
turn this chapter into flashcards with questions and answers,study_flashcards
i want to know explain sql joins with an example,study_explain
can you what are the main ideas here concisely,study_summary
i want to know give me a short revision of this lesson in a few points,study_summary
quiz me on operating systems,study_quiz
please what is encapsulation clearly,study_explain
i want to know make flashcards for python concepts,study_flashcards
generate practice mcqs for practice,study_quiz
can you create notes about operating system deadlocks for revision,study_notes
could you give me a brief overview of operating systems concisely,study_summary
help me prepare flashcards for my exam for quick revision,study_flashcards
i want to know summarize the causes of world war 1 for my exam,study_summary
could you make practice questions for this lesson with multiple choice options,study_quiz
please explain cloud computing in detail,study_explain
please create notes on artificial intelligence for revision,study_notes
could you recommend a restaurant nearby for this evening,generic
tell me quiz me on object oriented programming with answers,study_quiz
please recommend a restaurant nearby please,generic
can you recommend a good book to read for fun today,generic
could you tell me create flashcards from my notes,study_flashcards
tell me create notes about operating system deadlocks for revision,study_notes
could you create flashcards from my notes in simple language,study_flashcards
could you tell me generate flashcards for revision for quick revision,study_flashcards
could you tell me create an exam quiz for me with multiple choice options,study_quiz
can you generate practice mcqs,study_quiz
please give me exam notes for this topic in a structured format,study_notes
help me give me a brief overview of operating systems concisely,study_summary
could you help me write a birthday message today,generic
could you tell me make a quick summary of this lesson in simple words,study_summary
can you make notes about database management in a structured format,study_notes
could you make flashcards from this chapter,study_flashcards
can you tell me make flashcards from this chapter with questions and answers,study_flashcards
could you tell me what is encapsulation in simple terms,study_explain
tell me create notes on artificial intelligence for my exam,study_notes
please create flashcards from my notes covering important concepts,study_flashcards
i want to help me write a birthday message if possible,generic
can you explain primary keys and foreign keys simply,study_explain
could you make flashcards for python concepts,study_flashcards
can you make revision notes for me with important points,study_notes
make notes about operating systems for revision,study_notes
can you suggest a tv series,generic
could you test my understanding of operating systems for practice,study_quiz
could you tell me what is inheritance in java for beginners,study_explain
can you make notes on object oriented programming with headings,study_notes
could you tell me generate revision notes in concise form,study_notes
please summarize the uploaded document in simple words,study_summary
i need to know give me practice questions on sql at beginner level,study_quiz
please help me recommend a restaurant nearby for me,generic
please generate cards for important concepts with questions and answers,study_flashcards
i need help to what is trending on social media today,generic
could you make a quick summary of this lesson for quick revision,study_summary
make a quiz for this topic,study_quiz
could you what can i do this weekend for this evening,generic
give me flashcards for Java,study_flashcards
i need to know create notes about operating system deadlocks for revision,study_notes
i need to know make flashcards for quick revision in simple language,study_flashcards
please turn my notes into study cards for my exam,study_flashcards
could you tell me reduce this content to important points in simple words,study_summary
can you tell me make flashcards for quick revision for quick revision,study_flashcards
can you tell me what is feature engineering in detail,study_explain
tell me explain object oriented programming simply,study_explain
tell me give me a brief revision guide concisely,study_summary
can you help me give me a simple dinner recipe,generic
i want to know what is inheritance in java clearly,study_explain
please give me a brief revision guide in a few points,study_summary
could you give me a simple dinner recipe if possible,generic
teach me about operating systems,study_explain
what is the difference between RAM and ROM,study_explain
can you what can i do this weekend right now,generic
give me a workout routine,generic
what is a great book to read for fun,generic
could you generate cards for important concepts for quick revision,study_flashcards
give me the essential points concisely,study_summary
tell me give me practice questions on sql at intermediate level,study_quiz
give me practice questions on sql,study_quiz
i need to know give me the essential points,study_summary
please what can i do this weekend for me,generic
help me generate cards for important concepts for revision,study_flashcards
i need to know give me the chapter summary for quick revision,study_summary
help me make practice questions for this lesson at intermediate level,study_quiz
can you what is a good book to read for fun when you can,generic
help me what is encapsulation in simple terms,study_explain
help me reduce this content to important points in short,study_summary
give me some ideas for a tv series if possible,generic
summarize the important formulas for my exam,study_summary
can you help me what is trending on social media for me,generic
i want to know create notes on artificial intelligence for my exam,study_notes
could you what is a linked list in an easy way,study_explain
help me generate flashcards for revision covering important concepts,study_flashcards
help me help me understand computer networks,study_explain
tell me make flashcards for quick revision in simple language,study_flashcards
could you what is a good book to read for fun for this evening,generic
please explain cloud computing with an example,study_explain
can you tell me create an exam quiz for me,study_quiz
i need to know summarize the important formulas in short,study_summary
please make notes about operating systems in concise form,study_notes
i need to know quiz me on object oriented programming at beginner level,study_quiz
can you tell me test my knowledge of data structures for my exam,study_quiz
could you suggest a movie for the weekend,generic
tell me explain cloud computing with an example,study_explain
help me turn my study material into notes in concise form,study_notes
give me the essential points for my exam,study_summary
can you create an exam quiz for me with multiple choice options,study_quiz
could you help me suggest a tv series today,generic
could you tell me make practice questions for this lesson at intermediate level,study_quiz
i want to know generate cards for important concepts for revision,study_flashcards
can you tell me explain object oriented programming in an easy way,study_explain
what is encapsulation in simple terms,study_explain
summarize the topic of machine learning,study_summary
i need help to what is trending on social media,generic
can you tell me give me a short revision of this lesson,study_summary
i want to know prepare quick revision cards,study_flashcards
could you what are the main ideas here in short,study_summary
i need to know generate cards for important concepts for quick revision,study_flashcards
i want to know give me a brief overview of operating systems in short,study_summary
can you tell me what is inheritance in java step by step,study_explain
tell me make notes on object oriented programming for revision,study_notes
help me what is feature engineering in detail,study_explain
i want to know what is a linked list in detail,study_explain
i want to suggest a tv series this weekend,generic
i want to know make a quick summary of this lesson concisely,study_summary
i need to know help me understand computer networks simply,study_explain
please suggest a tv series for me,generic
could you tell me explain sql joins in simple terms,study_explain
tell me make flashcards for quick revision for quick revision,study_flashcards
could you explain primary keys and foreign keys with an example,study_explain
i need to know explain sql joins for beginners,study_explain
help me reduce this content to important points concisely,study_summary
help me explain object oriented programming in detail,study_explain
could you generate questions for revision at intermediate level,study_quiz
help me make revision notes for me in concise form,study_notes
help me generate 20 questions about python at intermediate level,study_quiz
give me some ideas for a tv series for this evening,generic
could you tell me explain primary keys and foreign keys in simple terms,study_explain
i want to know make a quiz about computer networks for my exam,study_quiz
can you tell me make practice questions for this lesson for my exam,study_quiz
please make practice questions for this lesson for practice,study_quiz
i want to know turn my notes into study cards for revision,study_flashcards
please summarize the uploaded document in a few points,study_summary
can you tell me prepare notes about cloud computing,study_notes
could you make this explanation shorter for my exam,study_summary
i want to know what is a linked list with an example,study_explain
tell me what is inheritance in java simply,study_explain
can you tell me a joke if possible,generic
i want to know generate questions for revision for practice,study_quiz
could you tell me test me on machine learning for revision,study_quiz
please how is the weather today when you can,generic
could you tell me what is inheritance in java in an easy way,study_explain
could you help me help me write a birthday message when you can,generic
could you help me help me write a birthday message,generic
could you turn these paragraphs into notes in concise form,study_notes
tell me prepare flashcards for my exam with questions and answers,study_flashcards
tell me turn this study material into flashcards covering important concepts,study_flashcards
can you turn these paragraphs into notes with headings,study_notes
help me prepare quick revision cards covering important concepts,study_flashcards
i want to what is trending on social media right now,generic
reduce this content to important points in short,study_summary
please explain sql joins in detail,study_explain
could you tell me make practice questions for this lesson for my exam,study_quiz
please give me the chapter summary,study_summary
can you make practice questions for this lesson with multiple choice options,study_quiz
i need to know turn my study material into notes for my exam,study_notes
can you tell me give me a short revision of this lesson briefly,study_summary
could you give me a brief overview of operating systems,study_summary
can you help me what can i do this weekend today,generic
i want to know make this explanation shorter for my exam,study_summary
can you generate cards for important concepts in simple language,study_flashcards
tell me explain sql joins in simple words,study_explain
i want to know explain object oriented programming in an easy way,study_explain
i need to know turn my notes into study cards in simple language,study_flashcards
explain object oriented programming simply,study_explain
i need to know give me the essential points in a few points,study_summary
tell me quiz me on computer architecture with answers,study_quiz
i need to know what is encapsulation,study_explain
create notes for this chapter for my exam,study_notes
explain primary keys and foreign keys,study_explain
i need to know turn my notes into study cards for quick revision,study_flashcards
i want to know what are the main ideas here in simple words,study_summary
help me prepare notes about cloud computing in a structured format,study_notes
could you suggest a tv series when you can,generic
i want to know generate 20 questions about python for my exam,study_quiz
can you turn these paragraphs into notes for my exam,study_notes
can you recommend a tv series this weekend,generic
i need to know generate flashcards for revision for revision,study_flashcards
please generate revision notes with important points,study_notes
i need to know make notes on object oriented programming for revision,study_notes
tell me give me exam notes for this topic,study_notes
could you turn my notes into study cards for my exam,study_flashcards
make a quick summary of this lesson briefly,study_summary
could you tell me summarize the important formulas for my exam,study_summary
i want to know explain cloud computing simply,study_explain
can you give me the essential points in simple words,study_summary
could you summarize this article for studying briefly,study_summary
help me plan my weekend,generic
could you create notes on artificial intelligence with important points,study_notes
tell me test my knowledge of data structures with multiple choice options,study_quiz
i need to know summarize this article for studying concisely,study_summary
turn this chapter into flashcards in simple language,study_flashcards
can you give me the chapter summary in short,study_summary
help me explain sql joins in simple terms,study_explain
help me what are the main ideas here briefly,study_summary
help me help me understand computer networks in simple words,study_explain
i want to know make notes about operating systems,study_notes
could you suggest a movie for the weekend today,generic
prepare notes about cloud computing in simple language,study_notes
please summarize the important formulas concisely,study_summary
i want to know summarize the uploaded document for my exam,study_summary
can you create flashcards about operating systems,study_flashcards
please give me a short revision of this lesson for my exam,study_summary
could you tell me generate flashcards for revision,study_flashcards
make flashcards about computer networks with questions and answers,study_flashcards
i want to know explain overfitting in machine learning,study_explain
can you tell me quiz me on computer architecture at intermediate level,study_quiz
could you tell me explain primary keys and foreign keys for beginners,study_explain
i want to know generate practice mcqs with answers,study_quiz
i want to know explain object oriented programming step by step,study_explain
i want to know create an exam quiz for me with multiple choice options,study_quiz
could you help me how is the weather today for this evening,generic
can you tell me make notes about operating systems in a structured format,study_notes
tell me give me practice questions on sql at beginner level,study_quiz
i need to know what is a linked list clearly,study_explain
help me turn this study material into flashcards for quick revision,study_flashcards
could you what is inheritance in java in simple terms,study_explain
i need to know make notes on object oriented programming,study_notes
i need to know make notes about operating systems for revision,study_notes
help me quiz me on computer architecture for revision,study_quiz
could you summarize the causes of world war 1,study_summary
please test me on machine learning at intermediate level,study_quiz
give me a simple dinner recipe right now,generic
could you tell me explain primary keys and foreign keys in simple words,study_explain
i want to how is the weather today right now,generic
generate notes on web development,study_notes
could you tell me make flashcards for quick revision,study_flashcards
could you tell me a joke for me,generic
please summarize this article for studying briefly,study_summary
i want to know create an exam quiz for me with answers,study_quiz
could you tell me turn this chapter into flashcards with questions and answers,study_flashcards
i want to know create flashcards from my notes for revision,study_flashcards
can you turn my study material into notes in simple language,study_notes
i need to know explain overfitting in machine learning in an easy way,study_explain
i need to know explain overfitting in machine learning clearly,study_explain
i want to know generate revision notes in simple language,study_notes
i need help to what is a good book to read for fun,generic
could you tell me create notes about operating system deadlocks with headings,study_notes
give me some ideas for a movie for the weekend please,generic
could you tell me make notes about operating systems in concise form,study_notes
i want to suggest a movie for the weekend right now,generic
i need to know explain overfitting in machine learning step by step,study_explain
help me what is trending on social media today,generic
create notes on artificial intelligence with headings,study_notes
help me generate 20 questions about python for revision,study_quiz
please make a quick summary of this lesson for quick revision,study_summary
please help me write a birthday message for this evening,generic
i want to know explain sql joins clearly,study_explain
could you tell me generate questions for revision at beginner level,study_quiz
could you tell me turn my notes into study cards covering important concepts,study_flashcards
make revision notes for me in simple language,study_notes
could you tell me give me a brief revision guide in a few points,study_summary
could you tell me explain cloud computing with an example,study_explain
tell me quiz me on computer architecture for practice,study_quiz
can you tell me prepare flashcards for my exam covering important concepts,study_flashcards
can you tell me summarize this article for studying in short,study_summary
can you suggest a restaurant nearby when you can,generic
can you test my knowledge of data structures at intermediate level,study_quiz
can you tell me explain object oriented programming in simple terms,study_explain
could you help me what can i do this weekend right now,generic
suggest a tv series if possible,generic
help me what is a good book to read for fun today,generic
i need to know create an exam quiz for me at beginner level,study_quiz
what can i do this weekend today,generic
could you tell me create notes about operating system deadlocks in simple language,study_notes
can you quiz me on object oriented programming at beginner level,study_quiz
can you create flashcards from my notes,study_flashcards
please help me understand computer networks for beginners,study_explain
please explain overfitting in machine learning clearly,study_explain
can you explain primary keys and foreign keys in an easy way,study_explain
could you tell me make a quiz about computer networks with multiple choice options,study_quiz
can you tell me make this explanation shorter in a few points,study_summary
tell me create notes on artificial intelligence in a structured format,study_notes
can you tell me explain primary keys and foreign keys for beginners,study_explain
i need to know make flashcards from this chapter with questions and answers,study_flashcards
could you make notes on object oriented programming for my exam,study_notes
please generate 20 questions about python for my exam,study_quiz
i want to know make notes on object oriented programming in a structured format,study_notes
i want to know what is encapsulation clearly,study_explain
help me prepare flashcards for my exam in simple language,study_flashcards
tell me help me understand computer networks in an easy way,study_explain
i want to know give me exam notes for this topic in concise form,study_notes
could you tell me give me a brief revision guide concisely,study_summary
could you make a quick summary of this lesson briefly,study_summary
test me on machine learning at beginner level,study_quiz
tell me generate practice mcqs with multiple choice options,study_quiz
help me explain cloud computing in simple words,study_explain
i want to know explain primary keys and foreign keys step by step,study_explain
can you tell me create flashcards from my notes for revision,study_flashcards
can you suggest a good book to read for fun when you can,generic
could you give me the essential points in simple words,study_summary
could you help me write a birthday message right now,generic
i need to know give me a brief revision guide in short,study_summary
tell me explain cloud computing for beginners,study_explain
can you turn this study material into flashcards,study_flashcards
could you turn my notes into study cards covering important concepts,study_flashcards
could you create notes about operating system deadlocks with headings,study_notes
tell me what is a linked list in detail,study_explain
i need help to suggest a tv series when you can,generic
make flashcards from this chapter for revision,study_flashcards
help me turn my notes into study cards covering important concepts,study_flashcards
i want to know reduce this content to important points in short,study_summary
please make revision notes for me in simple language,study_notes
can you prepare notes about cloud computing for revision,study_notes
i want to know what are the main ideas here concisely,study_summary
could you help me what can i do this weekend this weekend,generic
could you explain object oriented programming in detail,study_explain
i want to know turn this chapter into flashcards for quick revision,study_flashcards
help me what is encapsulation with an example,study_explain
can you help me help me write a birthday message please,generic
can you test me on machine learning at intermediate level,study_quiz
please help me what is trending on social media today,generic
help me make a quiz about computer networks with multiple choice options,study_quiz
tell me make notes on object oriented programming for my exam,study_notes
could you tell me make revision notes for me in a structured format,study_notes
i want to know generate revision notes in a structured format,study_notes
could you give me a short revision of this lesson for my exam,study_summary
generate practice mcqs with multiple choice options,study_quiz
can you tell me generate questions for revision for revision,study_quiz
i need to know reduce this content to important points in simple words,study_summary
prepare notes about cloud computing in a structured format,study_notes
create notes on artificial intelligence in concise form,study_notes
i want to suggest a tv series right now,generic
i want to know what is a linked list for beginners,study_explain
create flashcards about operating systems in simple language,study_flashcards
i need to know explain overfitting in machine learning with an example,study_explain
could you what is trending on social media this weekend,generic
recommend a movie for the weekend when you can,generic
prepare concise notes on python in a structured format,study_notes
can you summarize this article for studying in a few points,study_summary
could you help me tell me a joke,generic
give me recommendations for a restaurant nearby this weekend,generic
please explain object oriented programming in an easy way,study_explain
suggest a TV series,generic
i need to know give me exam notes for this topic in simple language,study_notes
can you help me understand computer networks simply,study_explain
explain overfitting in machine learning with an example,study_explain
help me what is feature engineering simply,study_explain
tell me explain sql joins clearly,study_explain
i want to know test me on machine learning at intermediate level,study_quiz
generate questions for revision with answers,study_quiz
can you help me understand computer networks in simple terms,study_explain
i need to know make flashcards from this chapter covering important concepts,study_flashcards
give me some ideas for a movie for the weekend right now,generic
help me give me practice questions on sql,study_quiz
help me make notes about operating systems for my exam,study_notes
i need to know give me a brief revision guide for quick revision,study_summary
tell me turn my notes into study cards covering important concepts,study_flashcards
i want to know help me understand computer networks clearly,study_explain
i want to know generate flashcards for revision in simple language,study_flashcards
i need to know prepare notes about cloud computing in simple language,study_notes
i want to help me write a birthday message right now,generic
i need to know generate practice mcqs for my exam,study_quiz
could you tell me test me on machine learning with multiple choice options,study_quiz
could you create notes on artificial intelligence,study_notes
could you make a quiz about computer networks at beginner level,study_quiz
could you tell me what is a linked list clearly,study_explain
i want to know make a quiz about computer networks with multiple choice options,study_quiz
could you tell me what is inheritance in java clearly,study_explain
i need to know test me on machine learning at beginner level,study_quiz
can you tell me reduce this content to important points,study_summary
could you make notes on object oriented programming in a structured format,study_notes
could you tell me explain cloud computing simply,study_explain
please summarize the important formulas in a few points,study_summary
help me give me the essential points briefly,study_summary
create flashcards about operating systems for quick revision,study_flashcards
i need to know summarize the causes of world war 1 concisely,study_summary
please turn these paragraphs into notes in simple language,study_notes
i need to know generate practice mcqs with multiple choice options,study_quiz
i need help to how is the weather today please,generic
can you tell me quiz me on computer architecture for revision,study_quiz
what is trending on social media if possible,generic
tell me create notes about operating system deadlocks for my exam,study_notes
i need to know give me a brief revision guide in simple words,study_summary
please help me tell me a joke today,generic
please help me what is a good book to read for fun,generic
could you make revision flashcards,study_flashcards
could you turn this study material into flashcards in simple language,study_flashcards
please prepare concise notes on python with important points,study_notes
tell me give me exam notes for this topic with important points,study_notes
can you make notes about database management for my exam,study_notes
could you quiz me on object oriented programming with multiple choice options,study_quiz
i want to know turn my study material into notes in simple language,study_notes
tell me make flashcards from this chapter,study_flashcards
what is a good book to read for fun please,generic
i want to know what are the main ideas here in a few points,study_summary
please prepare flashcards for my exam for revision,study_flashcards
tell me explain cloud computing clearly,study_explain
i need to know make flashcards about computer networks for revision,study_flashcards
can you tell me summarize the uploaded document for quick revision,study_summary
please explain cloud computing for beginners,study_explain
i want to know create notes about operating system deadlocks in a structured format,study_notes
i want to know give me practice questions on sql for revision,study_quiz
could you give me exam notes for this topic with important points,study_notes
could you make revision flashcards for revision,study_flashcards
could you tell me give me a short revision of this lesson,study_summary
i need to know summarize this article for studying,study_summary
i need to know make this explanation shorter in short,study_summary
could you explain overfitting in machine learning simply,study_explain
can you tell me make notes on object oriented programming,study_notes
help me give me a simple dinner recipe,generic
can you tell me prepare quick revision cards,study_flashcards
tell me reduce this content to important points in a few points,study_summary
could you generate flashcards for revision in simple language,study_flashcards
help me explain cloud computing with an example,study_explain
can you generate revision notes with important points,study_notes
can you tell me make practice questions for this lesson for revision,study_quiz
can you tell me give me practice questions on sql at beginner level,study_quiz
i need to know test me on machine learning with answers,study_quiz
can you prepare concise notes on python,study_notes
can you suggest a restaurant nearby today,generic
can you tell me generate practice mcqs for practice,study_quiz
could you make revision notes for me for revision,study_notes
i want to how is the weather today for this evening,generic
could you tell me what is encapsulation in an easy way,study_explain
tell me test my understanding of operating systems at intermediate level,study_quiz
tell me test me on machine learning with multiple choice options,study_quiz
could you what is encapsulation for beginners,study_explain
help me turn this chapter into flashcards for quick revision,study_flashcards
help me explain primary keys and foreign keys in simple terms,study_explain
please create an exam quiz for me for revision,study_quiz
please explain sql joins simply,study_explain
can you tell me generate questions for revision for my exam,study_quiz
can you what is a linked list in simple terms,study_explain
i want to know give me a short revision of this lesson concisely,study_summary
tell me give me a short revision of this lesson,study_summary
can you suggest a movie for the weekend this weekend,generic
what is inheritance in java for beginners,study_explain
i need help to what is trending on social media if possible,generic
could you give me the essential points briefly,study_summary
can you tell me make flashcards for quick revision for revision,study_flashcards
help me suggest a movie for the weekend if possible,generic
please test me on machine learning,study_quiz
please help me understand computer networks in simple words,study_explain
could you help me help me write a birthday message for this evening,generic
i need help to suggest a movie for the weekend please,generic
could you summarize the important formulas in simple words,study_summary
can you generate 20 questions about python with multiple choice options,study_quiz
can you create notes on artificial intelligence with headings,study_notes
please what is trending on social media for this evening,generic
i need to know explain overfitting in machine learning for beginners,study_explain
please what is encapsulation in simple terms,study_explain
i need to know make practice questions for this lesson with answers,study_quiz
help me explain sql joins in simple words,study_explain
i want to know make practice questions for this lesson for practice,study_quiz
help me prepare concise notes on python for my exam,study_notes
could you help me give me a simple dinner recipe for this evening,generic
prepare notes about networking,study_notes
i need to know explain primary keys and foreign keys with an example,study_explain
help me create an exam quiz for me at intermediate level,study_quiz
can you what is encapsulation,study_explain
can you tell me quiz me on object oriented programming for practice,study_quiz
can you tell me explain object oriented programming clearly,study_explain
can you tell me give me a short revision of this lesson in a few points,study_summary
could you tell me explain cloud computing step by step,study_explain
could you tell me give me a short revision of this lesson for my exam,study_summary
i want to know explain overfitting in machine learning in an easy way,study_explain
tell me give me a brief revision guide in a few points,study_summary
can you tell me prepare notes about cloud computing with important points,study_notes
can you prepare flashcards for my exam for revision,study_flashcards
could you tell me turn my study material into notes in a structured format,study_notes
i want to know test me on machine learning with answers,study_quiz
please give me a brief revision guide in short,study_summary
i need to know help me understand computer networks in detail,study_explain
make revision notes for me with headings,study_notes
what can i do this weekend for this evening,generic
help me make notes about operating systems in a structured format,study_notes
can you tell me explain primary keys and foreign keys simply,study_explain
could you tell me turn these paragraphs into notes for revision,study_notes
what is a good recipe with eggs,generic
help me tell me a joke this weekend,generic
i want to know what is feature engineering in detail,study_explain
can you explain sql joins in simple terms,study_explain
could you create flashcards from my notes with questions and answers,study_flashcards
can you tell me give me the chapter summary for my exam,study_summary
please help me what can i do this weekend if possible,generic
can you recommend a restaurant nearby when you can,generic
could you quiz me on computer architecture with answers,study_quiz
please what is inheritance in java in simple words,study_explain
could you prepare concise notes on python,study_notes
tell me create flashcards about operating systems,study_flashcards
give me some ideas for a tv series right now,generic
i want to know explain overfitting in machine learning with an example,study_explain
i need to know make notes about operating systems with important points,study_notes
i want to know what is feature engineering in an easy way,study_explain
could you help me suggest a tv series for this evening,generic
help me create flashcards from my notes with questions and answers,study_flashcards
create flashcards from my notes,study_flashcards
could you tell me generate flashcards for revision in simple language,study_flashcards
could you tell me explain sql joins step by step,study_explain
can you how is the weather today if possible,generic
can you tell me quiz me on object oriented programming at beginner level,study_quiz
please summarize the causes of world war 1 for my exam,study_summary
i need to know help me understand computer networks in an easy way,study_explain
help me summarize the important formulas concisely,study_summary
can you tell me make flashcards for quick revision in simple language,study_flashcards
can you help me understand computer networks for beginners,study_explain
explain SQL joins,study_explain
could you make notes about database management for revision,study_notes
please generate questions for revision at beginner level,study_quiz
tell me turn these paragraphs into notes with headings,study_notes
what is feature engineering in simple terms,study_explain
please explain object oriented programming simply,study_explain
can you reduce this content to important points in a few points,study_summary
i want to give me a simple dinner recipe please,generic
can you help me recommend a restaurant nearby for me,generic
tell me explain sql joins,study_explain
can you what is inheritance in java step by step,study_explain
give me a brief revision guide for my exam,study_summary
give me some ideas for a tv series this weekend,generic
give me the chapter summary for quick revision,study_summary
i need help to what is a good book to read for fun right now,generic
generate 20 questions about python,study_quiz
i want to know explain sql joins for beginners,study_explain
could you help me tell me a joke please,generic
can you tell me turn my notes into study cards for quick revision,study_flashcards
please help me understand computer networks in an easy way,study_explain
can you tell me generate cards for important concepts covering important concepts,study_flashcards
can you make a quick summary of this lesson for quick revision,study_summary
can you tell me quiz me on object oriented programming with answers,study_quiz
i need to know what is encapsulation simply,study_explain
can you tell me give me practice questions on sql for revision,study_quiz
can you tell me what is feature engineering clearly,study_explain
could you tell me make notes about database management in simple language,study_notes
can you suggest a movie for the weekend for this evening,generic
could you tell me explain cloud computing clearly,study_explain
can you tell me make a quiz about computer networks at beginner level,study_quiz
help me what can i do this weekend,generic
can you what is inheritance in java for beginners,study_explain
can you give me practice questions on sql with answers,study_quiz
i need to know what is encapsulation clearly,study_explain
i need to know explain cloud computing clearly,study_explain
could you tell me test my knowledge of data structures at beginner level,study_quiz
make notes about database management in simple language,study_notes
turn my study material into notes,study_notes
help me generate questions for revision with answers,study_quiz
i need to know make a quiz about computer networks for revision,study_quiz
tell me generate questions for revision with answers,study_quiz
tell me give me practice questions on sql,study_quiz
can you tell me create notes on artificial intelligence,study_notes
generate flashcards for revision for my exam,study_flashcards
can you tell me explain cloud computing in simple words,study_explain
can you help me give me a simple dinner recipe today,generic
can you test me on machine learning for revision,study_quiz
i need to know explain primary keys and foreign keys for beginners,study_explain
please help me write a birthday message for me,generic
i want to know give me exam notes for this topic for revision,study_notes
please what is inheritance in java step by step,study_explain
can you generate questions for revision at beginner level,study_quiz
please create notes on artificial intelligence for my exam,study_notes
tell me create notes on artificial intelligence in simple language,study_notes
tell me what are the main ideas here in a few points,study_summary
i need to know what is feature engineering with an example,study_explain
can you help me give me a simple dinner recipe for this evening,generic
can you make flashcards from this chapter,study_flashcards
please make revision notes for me,study_notes
can you generate questions for revision for revision,study_quiz
i want to know explain sql joins simply,study_explain
could you what are the main ideas here for quick revision,study_summary
please turn this chapter into flashcards,study_flashcards
can you tell me make flashcards about computer networks with questions and answers,study_flashcards
i need help to what is a good book to read for fun today,generic
help me make flashcards for python concepts in simple language,study_flashcards
explain sql joins in an easy way,study_explain
i want to know quiz me on computer architecture with answers,study_quiz
i need to know explain object oriented programming for beginners,study_explain
tell me what is inheritance in java in detail,study_explain
please recommend a restaurant nearby right now,generic
can you tell me generate questions for revision at intermediate level,study_quiz
generate practice mcqs with answers,study_quiz
can you help me help me write a birthday message when you can,generic
i want to know make a quick summary of this lesson in short,study_summary
could you what is encapsulation in an easy way,study_explain
could you tell me give me the essential points in simple words,study_summary
could you explain primary keys and foreign keys in simple words,study_explain
could you what are the main ideas here in simple words,study_summary
i need help to tell me a joke for this evening,generic
i want to know make notes on object oriented programming in simple language,study_notes
could you make this explanation shorter for quick revision,study_summary
tell me make flashcards about computer networks with questions and answers,study_flashcards
tell me make revision flashcards for revision,study_flashcards
tell me generate cards for important concepts for my exam,study_flashcards
tell me explain object oriented programming in an easy way,study_explain
could you make notes about operating systems in concise form,study_notes
could you make flashcards for python concepts covering important concepts,study_flashcards
make notes on object oriented programming in concise form,study_notes
can you create flashcards from my notes for my exam,study_flashcards
can you tell me test me on machine learning for practice,study_quiz
can you make practice questions for this lesson for practice,study_quiz
make notes about database management with headings,study_notes
create notes about operating system deadlocks for revision,study_notes
could you tell me prepare flashcards for my exam for revision,study_flashcards
summarize the important formulas in a few points,study_summary
i need to know explain overfitting in machine learning simply,study_explain
please help me give me a simple dinner recipe right now,generic
tell me summarize the uploaded document in simple words,study_summary
could you help me understand computer networks in simple words,study_explain
i want to know make flashcards for quick revision for revision,study_flashcards
i need help to recommend a restaurant nearby please,generic
please make notes on object oriented programming,study_notes
could you help me what is trending on social media for me,generic
i want to know make flashcards for quick revision in simple language,study_flashcards
help me write a birthday message right now,generic
could you prepare concise notes on python in concise form,study_notes
tell me what is feature engineering,study_explain
i need help to give me a simple dinner recipe when you can,generic
tell me create flashcards from my notes,study_flashcards
help me find a restaurant nearby for this evening,generic
tell me what is encapsulation step by step,study_explain
i want to know generate questions for revision for my exam,study_quiz
make flashcards for python concepts for revision,study_flashcards
help me give me the essential points for my exam,study_summary
give me the main points from this chapter,study_summary
turn these paragraphs into notes for my exam,study_notes
please make a quick summary of this lesson in a few points,study_summary
help me make this explanation shorter for quick revision,study_summary
please generate flashcards for revision with questions and answers,study_flashcards
tell me help me understand computer networks with an example,study_explain
can you tell me prepare concise notes on python in simple language,study_notes
could you tell me create an exam quiz for me at beginner level,study_quiz
could you tell me summarize the important formulas in a few points,study_summary
can you suggest a tv series right now,generic
give me some ideas for a movie for the weekend if possible,generic
make flashcards for python concepts in simple language,study_flashcards
could you what is inheritance in java in simple words,study_explain
i need to know test me on machine learning for revision,study_quiz
can you generate flashcards for revision covering important concepts,study_flashcards
help me summarize this article for studying,study_summary
can you make notes about database management for revision,study_notes
tell me test me on machine learning with answers,study_quiz
help me give me the chapter summary for my exam,study_summary
can you summarize the important formulas concisely,study_summary
tell me what is inheritance in java,study_explain
can you help me write a birthday message for this evening,generic
could you make flashcards about computer networks covering important concepts,study_flashcards
could you turn these paragraphs into notes for revision,study_notes
i want to know make flashcards from this chapter,study_flashcards
i want to know generate cards for important concepts,study_flashcards
could you help me suggest a movie for the weekend if possible,generic
could you tell me a joke right now,generic
please make notes on object oriented programming for my exam,study_notes
help me what is a linked list in an easy way,study_explain
can you make notes on object oriented programming,study_notes
can you what are the main ideas here,study_summary
give me an MCQ test,study_quiz
could you recommend a restaurant nearby,generic
how is the weather today right now,generic
can you tell me test my knowledge of data structures with multiple choice options,study_quiz
please help me tell me a joke when you can,generic
i need help to help me write a birthday message please,generic
tell me prepare concise notes on python in a structured format,study_notes
help me what is feature engineering in simple words,study_explain
recommend a movie for the weekend today,generic
can you tell me create notes about operating system deadlocks in a structured format,study_notes
could you explain cloud computing in simple terms,study_explain
could you turn my study material into notes for my exam,study_notes
help me give me exam notes for this topic for revision,study_notes
could you help me write a birthday message please,generic
tell me make flashcards for python concepts covering important concepts,study_flashcards
what can I do this weekend,generic
could you tell me quiz me on object oriented programming at beginner level,study_quiz
please what is a good book to read for fun for this evening,generic
i want to know make practice questions for this lesson for revision,study_quiz
can you turn my notes into study cards,study_flashcards
i need to know explain object oriented programming clearly,study_explain
help me make flashcards about computer networks with questions and answers,study_flashcards
i want to know create notes on artificial intelligence with important points,study_notes
tell me test me on machine learning for my exam,study_quiz
make this explanation shorter in a few points,study_summary
what is inheritance in java,study_explain
i want to know turn this study material into flashcards with questions and answers,study_flashcards
can you make practice questions for this lesson for my exam,study_quiz
could you give me practice questions on sql with multiple choice options,study_quiz
can you test my knowledge of data structures for my exam,study_quiz
give me some ideas for a tv series today,generic
tell me generate cards for important concepts in simple language,study_flashcards
help me what are the main ideas here for quick revision,study_summary
tell me what are the main ideas here for quick revision,study_summary
could you give me practice questions on sql for revision,study_quiz
i need to know summarize the uploaded document in a few points,study_summary
tell me make a quiz about computer networks for my exam,study_quiz
can you help me understand computer networks step by step,study_explain
i want to know test my understanding of operating systems,study_quiz
can you generate revision notes in simple language,study_notes
could you give me the essential points for my exam,study_summary
help me find a restaurant nearby if possible,generic
i need to know generate questions for revision for my exam,study_quiz
could you tell me generate 20 questions about python at beginner level,study_quiz
generate practice MCQs,study_quiz
i want to know what are the main ideas here for my exam,study_summary
i want to know generate questions for revision for revision,study_quiz
can you tell me create notes for this chapter with important points,study_notes
i want to know make this explanation shorter briefly,study_summary
can you generate revision notes,study_notes
could you quiz me on computer architecture for revision,study_quiz
i need to know turn these paragraphs into notes with headings,study_notes
could you help me understand computer networks in detail,study_explain
could you tell me make a quick summary of this lesson briefly,study_summary
i need to know test my understanding of operating systems at intermediate level,study_quiz
help me what is a good book to read for fun please,generic
can you what are the main ideas here for my exam,study_summary
explain sql joins,study_explain
can you tell me what is encapsulation for beginners,study_explain
i want to know what are the main ideas here,study_summary
tell me make notes on object oriented programming in a structured format,study_notes
could you tell me prepare flashcards for my exam in simple language,study_flashcards
tell me give me a brief revision guide for quick revision,study_summary
please what is a linked list for beginners,study_explain
can you what is trending on social media when you can,generic
i need to know make practice questions for this lesson at intermediate level,study_quiz
could you tell me make notes about database management with important points,study_notes
i want to know what are the main ideas here for quick revision,study_summary
can you what is a good book to read for fun,generic
please summarize the uploaded document for quick revision,study_summary
can you tell me generate cards for important concepts for quick revision,study_flashcards
can you make a quick summary of this lesson concisely,study_summary
please help me suggest a movie for the weekend for me,generic
could you summarize this article for studying for quick revision,study_summary
can you test my understanding of operating systems with answers,study_quiz
recommend a movie for the weekend this weekend,generic
could you give me the chapter summary for my exam,study_summary
help me turn this chapter into flashcards with questions and answers,study_flashcards
help me make a quick summary of this lesson in a few points,study_summary
could you tell me make practice questions for this lesson for practice,study_quiz
i want to suggest a tv series,generic
could you tell me a joke,generic
i want to what can i do this weekend right now,generic
tell me make flashcards for python concepts in simple language,study_flashcards
i want to know explain sql joins in detail,study_explain
i want to know make revision flashcards for quick revision,study_flashcards
could you test my knowledge of data structures with multiple choice options,study_quiz
recommend a movie for the weekend for me,generic
could you tell me prepare flashcards for my exam with questions and answers,study_flashcards
can you tell me what are the main ideas here for my exam,study_summary
could you tell me explain object oriented programming simply,study_explain
could you tell me what are the main ideas here,study_summary
help me test me on machine learning with multiple choice options,study_quiz
please prepare concise notes on python in a structured format,study_notes
could you tell me summarize this article for studying,study_summary
make flashcards from this chapter,study_flashcards
could you turn these paragraphs into notes with important points,study_notes
can you tell me what is feature engineering for beginners,study_explain
i want to know summarize the important formulas concisely,study_summary
i need to know prepare flashcards for my exam for my exam,study_flashcards
help me give me exam notes for this topic in simple language,study_notes
can you tell me make notes about operating systems for revision,study_notes
i want to how is the weather today this weekend,generic
i need to know prepare quick revision cards with questions and answers,study_flashcards
please help me tell me a joke,generic
please quiz me on computer architecture,study_quiz
please give me the essential points for my exam,study_summary
can you tell me explain sql joins in an easy way,study_explain
tell me explain object oriented programming in simple terms,study_explain
i need to know quiz me on object oriented programming for practice,study_quiz
please make flashcards for quick revision for quick revision,study_flashcards
i want to know what is encapsulation in simple terms,study_explain
can you give me a short revision of this lesson,study_summary
i need to know turn this study material into flashcards in simple language,study_flashcards
can you tell me make notes about database management for revision,study_notes
can you tell me create flashcards about operating systems with questions and answers,study_flashcards
help me create flashcards about operating systems for revision,study_flashcards
tell me make notes about operating systems for my exam,study_notes
could you tell me give me a short revision of this lesson for quick revision,study_summary
could you create notes on artificial intelligence for my exam,study_notes
tell me prepare flashcards for my exam for revision,study_flashcards
could you tell me generate revision notes,study_notes
tell me generate revision notes with important points,study_notes
tell me prepare notes about cloud computing with important points,study_notes
can you tell me generate practice mcqs with multiple choice options,study_quiz
i need to know turn my study material into notes,study_notes
i need to know test me on machine learning for practice,study_quiz
could you summarize the causes of world war 1 in short,study_summary
explain object oriented programming step by step,study_explain
can you test my knowledge of data structures,study_quiz
please help me give me a simple dinner recipe for this evening,generic
can you help me what can i do this weekend this weekend,generic
i need to know turn my notes into study cards for revision,study_flashcards
i need to know make a quiz about computer networks at intermediate level,study_quiz
please create notes about operating system deadlocks in concise form,study_notes
could you tell me give me exam notes for this topic with important points,study_notes
make a concise summary of this chapter,study_summary
could you generate questions for revision at beginner level,study_quiz
please create notes on artificial intelligence in simple language,study_notes
help me test me on machine learning at beginner level,study_quiz
could you make this explanation shorter concisely,study_summary
i want to tell me a joke right now,generic
could you tell me what is feature engineering in detail,study_explain
can you explain cloud computing in simple terms,study_explain
i want to recommend a restaurant nearby if possible,generic
could you tell me make flashcards for quick revision for my exam,study_flashcards
please summarize this article for studying for quick revision,study_summary
can you generate practice mcqs for my exam,study_quiz
could you tell me explain cloud computing in simple terms,study_explain
could you quiz me on computer architecture,study_quiz
i need help to tell me a joke today,generic
i want to know make notes on object oriented programming with important points,study_notes
could you tell me make notes about operating systems for revision,study_notes
can you recommend a good book to read for fun when you can,generic
please summarize the important formulas for my exam,study_summary
could you tell me give me a brief revision guide in short,study_summary
summarize the important formulas for quick revision,study_summary
make a quiz about computer networks,study_quiz
i need to know give me the chapter summary for my exam,study_summary
could you tell me give me exam notes for this topic,study_notes
what would be a good book to read for fun for me,generic
can you tell me make flashcards for quick revision with questions and answers,study_flashcards
i want to know prepare notes about cloud computing with headings,study_notes
can you prepare notes about cloud computing in a structured format,study_notes
tell me turn my notes into study cards with questions and answers,study_flashcards
i want to know create notes about operating system deadlocks in simple language,study_notes
can you generate 20 questions about python at intermediate level,study_quiz
i need to know make flashcards about computer networks with questions and answers,study_flashcards
explain primary keys and foreign keys with an example,study_explain
could you turn these paragraphs into notes in a structured format,study_notes
make notes on object oriented programming for my exam,study_notes
can you tell me generate 20 questions about python at beginner level,study_quiz
tell me what is feature engineering for beginners,study_explain
tell me make flashcards about computer networks covering important concepts,study_flashcards
can you what is inheritance in java in an easy way,study_explain
could you tell me generate 20 questions about python for revision,study_quiz
i need to know what is inheritance in java clearly,study_explain
tell me summarize the uploaded document briefly,study_summary
please reduce this content to important points,study_summary
can you help me suggest a tv series for me,generic
could you tell me explain overfitting in machine learning in simple words,study_explain
i want to know generate 20 questions about python at beginner level,study_quiz
could you tell me make a quick summary of this lesson for quick revision,study_summary
please help me suggest a tv series,generic
can you help me give me a simple dinner recipe if possible,generic
could you tell me make a quick summary of this lesson,study_summary
could you recommend a restaurant nearby for me,generic
could you explain object oriented programming in simple terms,study_explain
tell me summarize the important formulas briefly,study_summary
what is a linked list step by step,study_explain
could you make flashcards about computer networks for my exam,study_flashcards
could you help me what is trending on social media today,generic
help me create notes for this chapter with headings,study_notes
could you tell me make flashcards from this chapter,study_flashcards
please help me give me a simple dinner recipe this weekend,generic
i want to know make flashcards about computer networks in simple language,study_flashcards
tell me quiz me on object oriented programming at beginner level,study_quiz
could you make this explanation shorter in a few points,study_summary
can you generate flashcards for revision for quick revision,study_flashcards
please what can i do this weekend please,generic
tell me explain primary keys and foreign keys in an easy way,study_explain
could you explain primary keys and foreign keys in simple terms,study_explain
tell me explain cloud computing in an easy way,study_explain
could you tell me create notes for this chapter,study_notes
tell me create flashcards from my notes with questions and answers,study_flashcards
could you create notes on artificial intelligence in a structured format,study_notes
quiz me on computer architecture,study_quiz
i want to know generate 20 questions about python at intermediate level,study_quiz
could you make flashcards for quick revision in simple language,study_flashcards
make notes on object oriented programming in a structured format,study_notes
can you tell me turn my notes into study cards with questions and answers,study_flashcards
i need to know quiz me on computer architecture at intermediate level,study_quiz
help me what is trending on social media if possible,generic
i want to know summarize the uploaded document briefly,study_summary
help me explain primary keys and foreign keys step by step,study_explain
create notes about operating system deadlocks in a structured format,study_notes
explain object oriented programming for beginners,study_explain
could you what is encapsulation step by step,study_explain
please quiz me on computer architecture for my exam,study_quiz
please turn this chapter into flashcards for quick revision,study_flashcards
tell me generate flashcards for revision for revision,study_flashcards
i want to know make notes about operating systems for revision,study_notes
tell me a joke,generic
help me write a birthday message for me,generic
please help me suggest a tv series if possible,generic
can you help me suggest a movie for the weekend if possible,generic
could you summarize this article for studying concisely,study_summary
tell me quiz me on computer architecture,study_quiz
i want to know make this explanation shorter in short,study_summary
explain cloud computing clearly,study_explain
i want to know make practice questions for this lesson for my exam,study_quiz
i need to know give me a short revision of this lesson in a few points,study_summary
can you explain overfitting in machine learning step by step,study_explain
can you give me a simple dinner recipe for this evening,generic
can you what is inheritance in java in simple terms,study_explain
could you what can i do this weekend for me,generic
i need to know make notes on object oriented programming in a structured format,study_notes
i want to know what is encapsulation,study_explain
help me understand computer networks step by step,study_explain
can you tell me test my knowledge of data structures at intermediate level,study_quiz
turn my study material into notes for my exam,study_notes
could you tell me a joke please,generic
tell me give me a short revision of this lesson concisely,study_summary
prepare quick revision cards covering important concepts,study_flashcards
i want to know summarize the uploaded document concisely,study_summary
help me summarize the important formulas,study_summary
could you tell me help me understand computer networks,study_explain
turn this study material into flashcards in simple language,study_flashcards
i need to know what are the main ideas here for my exam,study_summary
tell me make practice questions for this lesson for my exam,study_quiz
can you give me exam notes for this topic for revision,study_notes
tell me summarize the uploaded document for quick revision,study_summary
please help me tell me a joke for this evening,generic
make practice questions for this lesson with multiple choice options,study_quiz
can you what are the main ideas here briefly,study_summary
generate study cards for this topic,study_flashcards
turn these paragraphs into notes with important points,study_notes
tell me give me a brief overview of operating systems in a few points,study_summary
tell me a joke this weekend,generic
could you tell me generate questions for revision for my exam,study_quiz
help me suggest a movie for the weekend when you can,generic
can you tell me make flashcards about computer networks,study_flashcards
what gift should I buy my sister,generic
i need to know test my knowledge of data structures at intermediate level,study_quiz
help me what are the main ideas here in simple words,study_summary
help me suggest a tv series please,generic
please give me exam notes for this topic for my exam,study_notes
help me turn my study material into notes for my exam,study_notes
turn this study material into flashcards for quick revision,study_flashcards
tell me summarize the important formulas,study_summary
can you what is inheritance in java in detail,study_explain
tell me prepare notes about cloud computing in simple language,study_notes
could you explain primary keys and foreign keys in an easy way,study_explain
i want to know turn these paragraphs into notes in a structured format,study_notes
could you generate cards for important concepts for my exam,study_flashcards
help me what is a linked list in simple terms,study_explain
please help me write a birthday message please,generic
generate revision notes for my exam,study_notes
give me a brief revision guide concisely,study_summary
please make revision notes for me for revision,study_notes
can you tell me prepare flashcards for my exam with questions and answers,study_flashcards
help me make this explanation shorter in simple words,study_summary
i want to know test me on machine learning at beginner level,study_quiz
explain primary keys and foreign keys in an easy way,study_explain
could you make flashcards for python concepts for my exam,study_flashcards
tell me quiz me on computer architecture at beginner level,study_quiz
i need help to what is a good book to read for fun for me,generic
please make a quick summary of this lesson in simple words,study_summary
could you tell me a joke today,generic
i want to know prepare notes about cloud computing in concise form,study_notes
can you tell me quiz me on object oriented programming for my exam,study_quiz
tell me explain sql joins with an example,study_explain
please create notes about operating system deadlocks in simple language,study_notes
help me tell me a joke,generic
i need to know explain overfitting in machine learning,study_explain
can you make revision flashcards with questions and answers,study_flashcards
tell me make notes about database management with headings,study_notes
can you help me recommend a restaurant nearby right now,generic
help me explain overfitting in machine learning in detail,study_explain
could you help me what can i do this weekend,generic
please make flashcards for quick revision for my exam,study_flashcards
tell me generate practice mcqs for practice,study_quiz
i need help to what is a good book to read for fun please,generic
i need help to suggest a movie for the weekend if possible,generic
give me a brief overview of operating systems,study_summary
what is encapsulation step by step,study_explain
help me explain primary keys and foreign keys,study_explain
please how is the weather today,generic
please prepare notes about cloud computing with headings,study_notes
tell me turn my study material into notes with important points,study_notes
turn my study material into notes in simple language,study_notes
create an exam quiz for me for my exam,study_quiz
i need to know explain cloud computing in simple words,study_explain
tell me what is feature engineering in detail,study_explain
tell me make revision notes for me,study_notes
can you tell me generate practice mcqs with answers,study_quiz
could you help me write a birthday message when you can,generic
could you tell me explain overfitting in machine learning with an example,study_explain
please tell me a joke if possible,generic
give me a brief revision guide in simple words,study_summary
i want to suggest a tv series today,generic
tell me make a quick summary of this lesson in simple words,study_summary
i need to know make this explanation shorter in a few points,study_summary
could you tell me summarize the causes of world war 1 in simple words,study_summary
i want to know test my understanding of operating systems with multiple choice options,study_quiz
could you tell me help me understand computer networks in simple words,study_explain
i want to know turn this chapter into flashcards with questions and answers,study_flashcards
tell me make notes about database management for my exam,study_notes
give me the essential points briefly,study_summary
could you generate 20 questions about python for practice,study_quiz
could you tell me prepare notes about cloud computing,study_notes
please generate practice mcqs,study_quiz
create notes about operating system deadlocks with important points,study_notes
can you tell me give me a brief overview of operating systems in short,study_summary
can you tell me give me the chapter summary for quick revision,study_summary
can you tell me give me a brief revision guide for my exam,study_summary
can you tell me create notes about operating system deadlocks in concise form,study_notes
explain sql joins in detail,study_explain
tell me help me understand computer networks in detail,study_explain
help me make flashcards for python concepts for quick revision,study_flashcards
i want to know make revision flashcards in simple language,study_flashcards
could you help me help me write a birthday message for me,generic
please create an exam quiz for me at beginner level,study_quiz
could you tell me prepare concise notes on python in concise form,study_notes
could you tell me give me a brief overview of operating systems in a few points,study_summary
i want to know generate 20 questions about python for practice,study_quiz
could you tell me give me the essential points in a few points,study_summary
i need to know give me a short revision of this lesson concisely,study_summary
can you make a quick summary of this lesson for my exam,study_summary
help me create notes about operating system deadlocks for my exam,study_notes
i need to know what are the main ideas here in short,study_summary
i need to know make flashcards for python concepts for my exam,study_flashcards
can you tell me what is encapsulation in simple terms,study_explain
tell me make flashcards for python concepts for revision,study_flashcards
tell me summarize the uploaded document in short,study_summary
tell me what is encapsulation in simple terms,study_explain
could you tell me turn these paragraphs into notes for my exam,study_notes
please give me a brief overview of operating systems briefly,study_summary
help me help me understand computer networks simply,study_explain
create flashcards about operating systems,study_flashcards
please turn this study material into flashcards covering important concepts,study_flashcards
tell me what is inheritance in java in simple words,study_explain
can you tell me summarize this article for studying briefly,study_summary
can you make revision notes for me with headings,study_notes
please what can i do this weekend this weekend,generic
i need to know summarize the important formulas briefly,study_summary
help me explain primary keys and foreign keys in an easy way,study_explain
could you help me what is trending on social media for this evening,generic
i need help to help me write a birthday message right now,generic
could you make a quick summary of this lesson in simple words,study_summary
tell me generate flashcards for revision for my exam,study_flashcards
can you tell me a joke for this evening,generic
please quiz me on object oriented programming,study_quiz
i want to know create an exam quiz for me for practice,study_quiz
help me give me a brief overview of operating systems in short,study_summary
can you make flashcards about computer networks for revision,study_flashcards
can you tell me make a quick summary of this lesson in short,study_summary
i need to know explain primary keys and foreign keys simply,study_explain
could you make revision notes for me for my exam,study_notes
i need to know generate revision notes,study_notes
could you what can i do this weekend when you can,generic
test my understanding of operating systems for practice,study_quiz
make flashcards for quick revision for revision,study_flashcards
help me how is the weather today right now,generic
could you help me understand computer networks in an easy way,study_explain
please generate 20 questions about python with answers,study_quiz
could you tell me prepare notes about cloud computing with headings,study_notes
could you tell me give me a brief revision guide for my exam,study_summary
what can i do this weekend this weekend,generic
tell me make flashcards for python concepts for my exam,study_flashcards
tell me create an exam quiz for me,study_quiz
can you tell me make flashcards from this chapter for revision,study_flashcards
make practice questions for this lesson,study_quiz
condense these study notes,study_summary
i need to know make a quick summary of this lesson concisely,study_summary
can you turn my notes into study cards for revision,study_flashcards
can you generate flashcards for revision,study_flashcards
please quiz me on object oriented programming for revision,study_quiz
could you turn this chapter into flashcards for my exam,study_flashcards
can you help me write a birthday message for me,generic
please what is a good book to read for fun if possible,generic
could you make notes on object oriented programming in simple language,study_notes
could you tell me make notes about operating systems for my exam,study_notes
please make flashcards for quick revision with questions and answers,study_flashcards
can you test my knowledge of data structures with answers,study_quiz
turn these paragraphs into notes,study_notes
could you tell me give me exam notes for this topic in a structured format,study_notes
please recommend a restaurant nearby if possible,generic
i need to know what is inheritance in java in detail,study_explain
explain object oriented programming in simple terms,study_explain
i need to know what are the main ideas here in simple words,study_summary
i want to know what is encapsulation step by step,study_explain
can you explain sql joins simply,study_explain
help me test my understanding of operating systems with multiple choice options,study_quiz
i need help to give me a simple dinner recipe if possible,generic
please what is inheritance in java,study_explain
can you generate cards for important concepts,study_flashcards
could you tell me turn this chapter into flashcards for revision,study_flashcards
could you tell me prepare concise notes on python with headings,study_notes
please explain primary keys and foreign keys in simple terms,study_explain
could you tell me summarize the uploaded document for quick revision,study_summary
i want to recommend a restaurant nearby,generic
tell me quiz me on computer architecture for my exam,study_quiz
can you tell me make revision flashcards for quick revision,study_flashcards
help me recommend a restaurant nearby this weekend,generic
i want to tell me a joke today,generic
could you tell me turn my study material into notes for my exam,study_notes
help me give me a brief overview of operating systems for my exam,study_summary
can you tell me make practice questions for this lesson,study_quiz
i need to know turn these paragraphs into notes in a structured format,study_notes
can you make notes about database management with headings,study_notes
please make notes about database management with important points,study_notes
create flashcards about operating systems for revision,study_flashcards
can you tell me summarize the important formulas,study_summary
please generate questions for revision for revision,study_quiz
could you tell me create flashcards about operating systems with questions and answers,study_flashcards
could you prepare flashcards for my exam,study_flashcards
suggest a movie for the weekend for me,generic
could you what are the main ideas here briefly,study_summary
please test my knowledge of data structures for practice,study_quiz
tell me turn these paragraphs into notes in concise form,study_notes
suggest a movie for the weekend when you can,generic
i need to know give me the chapter summary concisely,study_summary
i need to know create flashcards from my notes for quick revision,study_flashcards
i need to know make a quiz about computer networks for my exam,study_quiz
please summarize the important formulas for quick revision,study_summary
give me 5 questions on networking,study_quiz
help me make flashcards for python concepts with questions and answers,study_flashcards
i want to know make notes on object oriented programming for revision,study_notes
help me make a quick summary of this lesson for my exam,study_summary
could you turn this chapter into flashcards with questions and answers,study_flashcards
please explain object oriented programming with an example,study_explain
i want to know summarize the important formulas in simple words,study_summary
i need to know give me exam notes for this topic with headings,study_notes
i want to know give me a short revision of this lesson in short,study_summary
could you generate practice mcqs at intermediate level,study_quiz
i want to what is a good book to read for fun this weekend,generic
tell me give me the essential points in short,study_summary
can you tell me create an exam quiz for me at beginner level,study_quiz
give me the essential points for quick revision,study_summary
i need to know prepare concise notes on python in concise form,study_notes
can you tell me create flashcards from my notes in simple language,study_flashcards
can you make revision flashcards for quick revision,study_flashcards
i want to know what is encapsulation with an example,study_explain
could you tell me what is encapsulation in detail,study_explain
could you what is a linked list for beginners,study_explain
i want to know explain sql joins in an easy way,study_explain
help me generate practice mcqs at intermediate level,study_quiz
could you tell me make a quiz about computer networks at intermediate level,study_quiz
could you create notes on artificial intelligence for revision,study_notes
could you tell me prepare notes about cloud computing in simple language,study_notes
i want to suggest a movie for the weekend today,generic
i want to suggest a tv series when you can,generic
please create flashcards about operating systems in simple language,study_flashcards
i need to know give me an mcq test with answers,study_quiz
could you help me recommend a restaurant nearby today,generic
can you tell me what are the main ideas here,study_summary
can you help me what is a good book to read for fun today,generic
explain overfitting in machine learning simply,study_explain
could you help me what can i do this weekend for this evening,generic
can you tell me test me on machine learning for my exam,study_quiz
could you make flashcards from this chapter for my exam,study_flashcards
can you tell me turn these paragraphs into notes in concise form,study_notes
could you help me what is trending on social media please,generic
help me give me exam notes for this topic with important points,study_notes
help me make flashcards from this chapter,study_flashcards
could you tell me make notes on object oriented programming in concise form,study_notes
explain object oriented programming clearly,study_explain
help me help me understand computer networks step by step,study_explain
explain primary keys and foreign keys clearly,study_explain
i need to know test my understanding of operating systems for practice,study_quiz
can you tell me turn this chapter into flashcards for quick revision,study_flashcards
could you tell me turn this study material into flashcards for quick revision,study_flashcards
could you tell me turn this study material into flashcards for my exam,study_flashcards
please generate practice mcqs for revision,study_quiz
could you tell me what are the main ideas here in short,study_summary
can you quiz me on object oriented programming for revision,study_quiz
please explain object oriented programming step by step,study_explain
help me test my understanding of operating systems at intermediate level,study_quiz
please turn this chapter into flashcards covering important concepts,study_flashcards
please test my understanding of operating systems,study_quiz
can you suggest a restaurant nearby for this evening,generic
quiz me on object oriented programming with multiple choice options,study_quiz
test my knowledge of data structures at intermediate level,study_quiz
could you tell me turn these paragraphs into notes in concise form,study_notes
please give me a brief overview of operating systems in simple words,study_summary
i want to know generate revision notes with headings,study_notes
i need to know generate 20 questions about python with multiple choice options,study_quiz
i need to know reduce this content to important points for my exam,study_summary
generate questions for revision for practice,study_quiz
could you suggest a tv series for this evening,generic
what is a good movie to watch tonight,generic
please help me suggest a movie for the weekend this weekend,generic
generate practice mcqs at beginner level,study_quiz
can you recommend a movie for the weekend,generic
tell me generate practice mcqs for my exam,study_quiz
i want to know quiz me on object oriented programming with answers,study_quiz
can you turn this chapter into flashcards in simple language,study_flashcards
i want to know create notes for this chapter with headings,study_notes
can you tell me give me exam notes for this topic,study_notes
please give me exam notes for this topic with important points,study_notes
help me create notes about operating system deadlocks for revision,study_notes
tell me make a quiz about computer networks for revision,study_quiz
create flashcards from my notes covering important concepts,study_flashcards
help me explain cloud computing step by step,study_explain
i need to know create notes for this chapter for revision,study_notes
tell me make a quiz about computer networks for practice,study_quiz
i want to suggest a tv series please,generic
i need to know turn these paragraphs into notes with important points,study_notes
could you tell me help me understand computer networks step by step,study_explain
could you tell me explain overfitting in machine learning in an easy way,study_explain
help me how is the weather today if possible,generic
can you tell me prepare notes about cloud computing in concise form,study_notes
could you tell me make a quiz about computer networks for practice,study_quiz
can you tell me quiz me on computer architecture at beginner level,study_quiz
could you what is encapsulation simply,study_explain
suggest a restaurant nearby,generic
explain object oriented programming with an example,study_explain
make revision notes for me with important points,study_notes
could you give me the essential points concisely,study_summary
could you create notes about operating system deadlocks for my exam,study_notes
test me on machine learning for revision,study_quiz
i want to know make practice questions for this lesson at beginner level,study_quiz
make this explanation shorter for quick revision,study_summary
tell me create notes on artificial intelligence for revision,study_notes
tell me test my knowledge of data structures at intermediate level,study_quiz
i need to know make flashcards for quick revision,study_flashcards
can you tell me test my understanding of operating systems with multiple choice options,study_quiz
tell me make flashcards for python concepts with questions and answers,study_flashcards
i want to what is a good book to read for fun for this evening,generic
could you tell me make notes about database management in concise form,study_notes
help me test my knowledge of data structures at beginner level,study_quiz
could you give me exam notes for this topic in simple language,study_notes
help me give me a short revision of this lesson for quick revision,study_summary
could you tell me explain object oriented programming in detail,study_explain
turn this study material into flashcards with questions and answers,study_flashcards
can you recommend a tv series today,generic
please create notes on artificial intelligence with important points,study_notes
can you tell me make this explanation shorter in short,study_summary
i want to know generate cards for important concepts with questions and answers,study_flashcards
help me prepare flashcards for my exam,study_flashcards
can you tell me make flashcards for python concepts in simple language,study_flashcards
test me on this chapter,study_quiz
could you recommend a restaurant nearby today,generic
could you help me what can i do this weekend when you can,generic
help me make notes about operating systems in concise form,study_notes
please make flashcards for python concepts in simple language,study_flashcards
tell me make flashcards for python concepts for quick revision,study_flashcards
can you generate practice mcqs for revision,study_quiz
could you tell me explain primary keys and foreign keys in an easy way,study_explain
please what is a good book to read for fun please,generic
please summarize the uploaded document concisely,study_summary
can you tell me what is encapsulation with an example,study_explain
what is feature engineering step by step,study_explain
could you help me how is the weather today this weekend,generic
tell me prepare notes about cloud computing with headings,study_notes
how is the weather today please,generic
help me give me the chapter summary in short,study_summary
create flashcards from my notes for revision,study_flashcards
could you tell me make a quick summary of this lesson for my exam,study_summary
could you what is a linked list clearly,study_explain
i need to know make revision notes for me for revision,study_notes
could you make flashcards from this chapter in simple language,study_flashcards
tell me help me understand computer networks step by step,study_explain
can you tell me make a quick summary of this lesson in simple words,study_summary
i need to know what is feature engineering,study_explain
i need to know generate flashcards for revision with questions and answers,study_flashcards
can you tell me explain overfitting in machine learning in detail,study_explain
recommend a restaurant nearby this weekend,generic
could you make a quiz about computer networks,study_quiz
help me explain sql joins for beginners,study_explain
please what can i do this weekend,generic
could you tell me turn my study material into notes for revision,study_notes
please give me exam notes for this topic,study_notes
help me generate flashcards for revision for my exam,study_flashcards
can you tell me generate practice mcqs at beginner level,study_quiz
can you tell me give me a brief overview of operating systems in a few points,study_summary
help me find a restaurant nearby when you can,generic
what is Big O notation,study_explain
could you make flashcards about computer networks with questions and answers,study_flashcards
help me suggest a movie for the weekend for me,generic
please make notes about database management in simple language,study_notes
can you create notes for this chapter in concise form,study_notes
could you help me suggest a movie for the weekend for this evening,generic
can you generate practice mcqs at intermediate level,study_quiz
please make flashcards about computer networks for revision,study_flashcards
help me generate questions for revision for my exam,study_quiz
could you tell me prepare quick revision cards,study_flashcards
tell me prepare concise notes on python,study_notes
could you make a quiz about computer networks for revision,study_quiz
can you reduce this content to important points,study_summary
recommend a tv series when you can,generic
i want to know test my knowledge of data structures for my exam,study_quiz
please make flashcards for python concepts,study_flashcards
could you tell me create notes on artificial intelligence in simple language,study_notes
what can i do this weekend when you can,generic
could you tell me turn this chapter into flashcards,study_flashcards
recommend a restaurant nearby,generic
please help me suggest a movie for the weekend if possible,generic
can you turn my notes into study cards with questions and answers,study_flashcards
could you tell me make flashcards about computer networks in simple language,study_flashcards
i want to know turn my notes into study cards for my exam,study_flashcards
i want to know explain overfitting in machine learning in simple terms,study_explain
help me make flashcards for python concepts for revision,study_flashcards
help me what is trending on social media for this evening,generic
i need to know explain cloud computing in an easy way,study_explain
can you recommend a restaurant nearby if possible,generic
could you help me write a birthday message if possible,generic
i want to know test my knowledge of data structures at beginner level,study_quiz
could you generate 20 questions about python at beginner level,study_quiz
i want to know give me exam notes for this topic in a structured format,study_notes
help me help me write a birthday message today,generic
tell me create flashcards about operating systems covering important concepts,study_flashcards
i need to know prepare quick revision cards covering important concepts,study_flashcards
help me turn my study material into notes,study_notes
could you create notes about operating system deadlocks for revision,study_notes
can you what can i do this weekend for me,generic
i need to know explain object oriented programming simply,study_explain
could you tell me prepare quick revision cards in simple language,study_flashcards
please make flashcards about computer networks for my exam,study_flashcards
tell me turn this study material into flashcards for my exam,study_flashcards
tell me reduce this content to important points for quick revision,study_summary
please what can i do this weekend right now,generic
could you suggest a tv series,generic
tell me what are the main ideas here concisely,study_summary
can you explain overfitting in machine learning in simple words,study_explain
can you make flashcards for python concepts for revision,study_flashcards
what is inheritance in Java,study_explain
give me the chapter summary in a few points,study_summary
i want to know explain primary keys and foreign keys for beginners,study_explain
can you generate cards for important concepts covering important concepts,study_flashcards
can you tell me prepare flashcards for my exam for quick revision,study_flashcards
tell me create notes about operating system deadlocks with important points,study_notes
i want to know quiz me on computer architecture for revision,study_quiz
i need to know give me the chapter summary briefly,study_summary
can you make a quiz about computer networks at intermediate level,study_quiz
help me create flashcards about operating systems with questions and answers,study_flashcards
generate questions for revision at intermediate level,study_quiz
create organized notes for this lesson,study_notes
i want to know explain primary keys and foreign keys in simple words,study_explain
help me generate cards for important concepts with questions and answers,study_flashcards
what is a linked list clearly,study_explain
could you tell me reduce this content to important points in a few points,study_summary
i need to know prepare quick revision cards,study_flashcards
could you generate practice mcqs for my exam,study_quiz
could you prepare notes about cloud computing for my exam,study_notes
help me prepare notes about cloud computing,study_notes
i need to know turn my notes into study cards,study_flashcards
explain cloud computing for beginners,study_explain
help me make a quiz about computer networks for my exam,study_quiz
i need to know generate 20 questions about python for practice,study_quiz
help me summarize the important formulas in a few points,study_summary
tell me create flashcards about operating systems for quick revision,study_flashcards
tell me what is feature engineering in an easy way,study_explain
help me help me understand computer networks in an easy way,study_explain
can you tell me generate practice mcqs for my exam,study_quiz
help me give me a brief revision guide,study_summary
i need to know make this explanation shorter concisely,study_summary
help me make notes about database management,study_notes
recommend a podcast for commuting,generic
could you help me understand computer networks simply,study_explain
i want to know what is feature engineering step by step,study_explain
how is the weather today this weekend,generic
can you test my understanding of operating systems,study_quiz
can you what is inheritance in java with an example,study_explain
could you make revision flashcards in simple language,study_flashcards
can you tell me summarize the causes of world war 1 for quick revision,study_summary
please test my understanding of operating systems with answers,study_quiz
i need to know explain primary keys and foreign keys in an easy way,study_explain
i want to know what is inheritance in java in simple words,study_explain
please how is the weather today please,generic
can you make flashcards for quick revision covering important concepts,study_flashcards
can you explain overfitting in machine learning simply,study_explain
can you tell me make notes about operating systems in concise form,study_notes
i want to know make revision notes for me for revision,study_notes
could you help me what can i do this weekend today,generic
i want to what is a good book to read for fun if possible,generic
please give me the essential points briefly,study_summary
tell me prepare quick revision cards for quick revision,study_flashcards
please turn this study material into flashcards with questions and answers,study_flashcards
can you turn this chapter into flashcards covering important concepts,study_flashcards
i need to know make flashcards for quick revision for quick revision,study_flashcards
i want to know give me a short revision of this lesson,study_summary
can you tell me make notes about database management in simple language,study_notes
could you what is encapsulation with an example,study_explain
help me create flashcards from my notes covering important concepts,study_flashcards
give me a brief revision guide for quick revision,study_summary
give me structured notes on algorithms,study_notes
could you tell me create flashcards from my notes with questions and answers,study_flashcards
could you help me understand computer networks clearly,study_explain
could you how is the weather today for me,generic
can you turn these paragraphs into notes in concise form,study_notes
make this explanation shorter briefly,study_summary
quiz me on computer architecture for my exam,study_quiz
what is a linked list for beginners,study_explain
i need to know make revision flashcards for quick revision,study_flashcards
help me help me write a birthday message for this evening,generic
help me explain primary keys and foreign keys in simple words,study_explain
can you prepare notes about cloud computing with headings,study_notes
i need to know give me a short revision of this lesson,study_summary
what is encapsulation,study_explain
help me create flashcards about operating systems for my exam,study_flashcards
could you tell me make notes on object oriented programming with important points,study_notes
i need to know make flashcards for python concepts for quick revision,study_flashcards
help me explain object oriented programming in simple terms,study_explain
help me give me the essential points concisely,study_summary
i need to know reduce this content to important points in short,study_summary
can you tell me give me the chapter summary briefly,study_summary
tell me a joke right now,generic
tell me give me the essential points concisely,study_summary
create notes for this chapter,study_notes
help me recommend a restaurant nearby for me,generic
could you explain sql joins in simple terms,study_explain
could you help me suggest a movie for the weekend right now,generic
please help me what is trending on social media,generic
help me find a restaurant nearby right now,generic
could you turn this chapter into flashcards covering important concepts,study_flashcards
please make notes about database management in concise form,study_notes
prepare notes about cloud computing with important points,study_notes
i want to know test my understanding of operating systems for revision,study_quiz
can you tell me create an exam quiz for me for my exam,study_quiz
could you help me write a birthday message this weekend,generic
could you explain overfitting in machine learning clearly,study_explain
i need to know what is encapsulation in simple terms,study_explain
can you create notes about operating system deadlocks in concise form,study_notes
i want to know generate practice mcqs with multiple choice options,study_quiz
tell me create an exam quiz for me for practice,study_quiz
turn these notes into flashcards,study_flashcards
could you help me give me a simple dinner recipe this weekend,generic
test my understanding of operating systems at intermediate level,study_quiz
i need to know make revision flashcards for my exam,study_flashcards
could you tell me explain overfitting in machine learning simply,study_explain
help me generate cards for important concepts covering important concepts,study_flashcards
i need to know make notes about database management,study_notes
reduce this content to important points for my exam,study_summary
create notes about operating system deadlocks with headings,study_notes
i need help to recommend a restaurant nearby for me,generic
i want to know generate 20 questions about python with answers,study_quiz
could you summarize the uploaded document briefly,study_summary
could you reduce this content to important points for quick revision,study_summary
can you tell me create flashcards from my notes for quick revision,study_flashcards
tell me create an exam quiz for me with multiple choice options,study_quiz
please summarize this article for studying concisely,study_summary
i need to know turn this chapter into flashcards with questions and answers,study_flashcards
could you tell me give me practice questions on sql for practice,study_quiz
please help me help me write a birthday message for me,generic
please turn my study material into notes for revision,study_notes
could you tell me give me the chapter summary for quick revision,study_summary
could you tell me make flashcards for python concepts,study_flashcards
tell me summarize the causes of world war 1 for my exam,study_summary
help me give me a brief revision guide for my exam,study_summary
please make notes about database management,study_notes
tell me give me the chapter summary in simple words,study_summary
give me a short revision of this lesson for my exam,study_summary
turn this chapter into flashcards,study_flashcards
could you generate 20 questions about python with multiple choice options,study_quiz
please what is inheritance in java in an easy way,study_explain
can you tell me explain primary keys and foreign keys in simple words,study_explain
help me create flashcards about operating systems in simple language,study_flashcards
recommend a tv series,generic
could you make flashcards about computer networks for quick revision,study_flashcards
i need to know what is feature engineering in an easy way,study_explain
could you what is a good book to read for fun for me,generic
help me make notes about operating systems in simple language,study_notes
could you create an exam quiz for me with answers,study_quiz
i want to know generate practice mcqs for practice,study_quiz
can you create an exam quiz for me with answers,study_quiz
help me what is inheritance in java in an easy way,study_explain
can you help me what can i do this weekend for me,generic
tell me summarize the important formulas in simple words,study_summary
i need to know explain sql joins step by step,study_explain
suggest a tv series today,generic
please help me write a birthday message this weekend,generic
could you tell me what is encapsulation simply,study_explain
could you generate practice mcqs for revision,study_quiz
can you recommend a restaurant nearby for me,generic
could you tell me give me a short revision of this lesson briefly,study_summary
could you tell me turn this chapter into flashcards for quick revision,study_flashcards
tell me prepare concise notes on python in simple language,study_notes
i need to know what is a linked list in simple terms,study_explain
can you recommend a tv series right now,generic
can you test my understanding of operating systems at beginner level,study_quiz
could you quiz me on computer architecture for my exam,study_quiz
can you tell me explain object oriented programming with an example,study_explain
could you tell me generate practice mcqs at intermediate level,study_quiz
could you suggest a movie for the weekend this weekend,generic
create notes about operating system deadlocks,study_notes
tell me test my understanding of operating systems for practice,study_quiz
make notes about operating systems in simple language,study_notes
i want to what is a good book to read for fun for me,generic
i want to know what is a linked list clearly,study_explain
help me summarize the uploaded document in a few points,study_summary
i need to know quiz me on computer architecture,study_quiz
please what is a good book to read for fun,generic
please give me a brief revision guide in simple words,study_summary
please give me practice questions on sql at intermediate level,study_quiz
tell me prepare notes about cloud computing,study_notes
make practice questions for this lesson at intermediate level,study_quiz
i need to know create notes on artificial intelligence in concise form,study_notes
tell me make revision notes for me with important points,study_notes
can you recommend a tv series please,generic
can you tell me make flashcards about computer networks for quick revision,study_flashcards
could you tell me reduce this content to important points in short,study_summary
i need to know explain object oriented programming in simple terms,study_explain
i need to know explain cloud computing with an example,study_explain
i want to know give me practice questions on sql for my exam,study_quiz
generate a quiz from this chapter,study_quiz
can you suggest a movie for the weekend right now,generic
could you tell me make revision flashcards covering important concepts,study_flashcards
help me make revision notes for me in a structured format,study_notes
please make a quiz about computer networks for my exam,study_quiz
i need to know test my knowledge of data structures for revision,study_quiz
can you turn these paragraphs into notes with important points,study_notes
can you tell me explain sql joins in detail,study_explain
i need to know generate cards for important concepts for revision,study_flashcards
give me a short revision of this lesson,study_summary
could you tell me give me the chapter summary in a few points,study_summary
could you tell me give me the chapter summary,study_summary
can you tell me give me exam notes for this topic with headings,study_notes
help me help me write a birthday message for me,generic
help me make notes about operating systems,study_notes
make revision flashcards for revision,study_flashcards
i want to know create flashcards from my notes for my exam,study_flashcards
could you turn my study material into notes with important points,study_notes
can you give me a short revision of this lesson in simple words,study_summary
please generate flashcards for revision for quick revision,study_flashcards
please tell me a joke please,generic
please make this explanation shorter in a few points,study_summary
please help me how is the weather today when you can,generic
explain object oriented programming in detail,study_explain
prepare study notes on probability,study_notes
what are the main ideas here briefly,study_summary
can you give me a short revision of this lesson briefly,study_summary
help me explain cloud computing clearly,study_explain
can you tell me make flashcards from this chapter for my exam,study_flashcards
tell me create an exam quiz for me with answers,study_quiz
i need to know make flashcards about computer networks in simple language,study_flashcards
please what can i do this weekend today,generic
could you tell me create notes on artificial intelligence with headings,study_notes
explain primary keys and foreign keys in simple words,study_explain
can you help me recommend a restaurant nearby this weekend,generic
can you make flashcards for quick revision for quick revision,study_flashcards
can you tell me generate revision notes in simple language,study_notes
i need to know test my understanding of operating systems for revision,study_quiz
could you quiz me on object oriented programming,study_quiz
tell me turn my study material into notes for revision,study_notes
could you tell me what is feature engineering in simple terms,study_explain
help me write a birthday message,generic
can you prepare concise notes on python for my exam,study_notes
what is a good book to read for fun right now,generic
help me recommend a restaurant nearby for this evening,generic
could you make practice questions for this lesson,study_quiz
how does DNS resolution work,study_explain
could you tell me give me the essential points for my exam,study_summary
could you generate flashcards for revision,study_flashcards
please create notes about operating system deadlocks with important points,study_notes
help me create flashcards about operating systems for quick revision,study_flashcards
help me make practice questions for this lesson for revision,study_quiz
could you tell me a joke this weekend,generic
create notes on artificial intelligence in a structured format,study_notes
can you prepare flashcards for my exam covering important concepts,study_flashcards
can you recommend a movie for the weekend please,generic
could you suggest a movie for the weekend please,generic
could you generate cards for important concepts,study_flashcards
help me create an exam quiz for me,study_quiz
help me summarize the important formulas in simple words,study_summary
please what are the main ideas here in a few points,study_summary
please reduce this content to important points for my exam,study_summary
i need help to suggest a movie for the weekend for this evening,generic
i need to know generate 20 questions about python at intermediate level,study_quiz
could you help me suggest a tv series right now,generic
please give me a brief overview of operating systems concisely,study_summary
could you tell me what are the main ideas here briefly,study_summary
i want to tell me a joke please,generic
can you tell me summarize this article for studying in simple words,study_summary
make notes about operating systems with headings,study_notes
could you tell me what is encapsulation with an example,study_explain
could you test me on machine learning at beginner level,study_quiz
can you help me understand computer networks in detail,study_explain
please make revision flashcards for my exam,study_flashcards
help me generate revision notes for my exam,study_notes
could you tell me give me practice questions on sql with multiple choice options,study_quiz
please make flashcards for python concepts covering important concepts,study_flashcards
help me turn these paragraphs into notes in a structured format,study_notes
tell me give me exam notes for this topic in a structured format,study_notes
i want to know make notes about database management with headings,study_notes
what are the main ideas here in simple words,study_summary
could you help me what can i do this weekend please,generic
could you tell me make a quiz about computer networks with answers,study_quiz
make this explanation shorter concisely,study_summary
can you help me write a birthday message,generic
can you tell me make revision notes for me,study_notes
generate cards for important concepts for revision,study_flashcards
suggest a tv series this weekend,generic
can you help me what is trending on social media if possible,generic
can you test me on machine learning for practice,study_quiz
can you what is a good book to read for fun please,generic
could you tell me generate revision notes in a structured format,study_notes
please make a quiz about computer networks at beginner level,study_quiz
help me generate cards for important concepts for my exam,study_flashcards
please make notes about operating systems,study_notes
i want to know what is inheritance in java,study_explain
can you create flashcards about operating systems with questions and answers,study_flashcards
please help me suggest a movie for the weekend right now,generic
help me suggest a movie for the weekend,generic
give me the chapter summary in short,study_summary
help me create notes about operating system deadlocks with important points,study_notes
i want to know what is inheritance in java for beginners,study_explain
give me a brief overview of operating systems in a few points,study_summary
could you tell me make flashcards for python concepts with questions and answers,study_flashcards
help me what is trending on social media when you can,generic
create flashcards from my notes for quick revision,study_flashcards
please help me what can i do this weekend today,generic
please generate cards for important concepts covering important concepts,study_flashcards
recommend a good YouTube channel,generic
i need to know prepare quick revision cards for quick revision,study_flashcards
summarize this article for studying for my exam,study_summary
can you give me the essential points in a few points,study_summary
i want to suggest a tv series for this evening,generic
tell me quiz me on computer architecture with multiple choice options,study_quiz
can you tell me give me a short revision of this lesson concisely,study_summary
tell me explain overfitting in machine learning in simple terms,study_explain
i need to know test my understanding of operating systems for my exam,study_quiz
can you explain primary keys and foreign keys,study_explain
help me give me the chapter summary in simple words,study_summary
reduce this content to important points in simple words,study_summary
can you tell me make revision flashcards for revision,study_flashcards
explain cloud computing simply,study_explain
help me make notes on object oriented programming for revision,study_notes
i want to know give me the chapter summary in a few points,study_summary
can you tell me what are the main ideas here in short,study_summary
help me make notes on object oriented programming with headings,study_notes
i need help to tell me a joke this weekend,generic
i want to know generate flashcards for revision covering important concepts,study_flashcards
could you explain object oriented programming,study_explain
could you help me what is a good book to read for fun for this evening,generic
can you generate questions for revision with answers,study_quiz
help me suggest a tv series for me,generic
could you create notes about operating system deadlocks with important points,study_notes
can you help me recommend a restaurant nearby when you can,generic
help me explain object oriented programming with an example,study_explain
i need to know what is a linked list in detail,study_explain
i want to know help me understand computer networks in detail,study_explain
could you tell me turn my notes into study cards in simple language,study_flashcards
tell me give me a brief overview of operating systems concisely,study_summary
i want to know help me understand computer networks in an easy way,study_explain
tell me give me a short revision of this lesson briefly,study_summary
tell me generate revision notes for my exam,study_notes
what is encapsulation in an easy way,study_explain
can you tell me test my knowledge of data structures with answers,study_quiz
i want to what can i do this weekend when you can,generic
help me make flashcards from this chapter for my exam,study_flashcards
what is feature engineering clearly,study_explain
give me some ideas for a movie for the weekend,generic
help me quiz me on object oriented programming at intermediate level,study_quiz
could you make revision flashcards for quick revision,study_flashcards
can you tell me create an exam quiz for me at intermediate level,study_quiz
i need to know prepare notes about cloud computing in concise form,study_notes
help me what is feature engineering with an example,study_explain
make notes about database management with important points,study_notes
could you tell me test my understanding of operating systems for revision,study_quiz
could you test me on machine learning for revision,study_quiz
could you tell me summarize this article for studying briefly,study_summary
please generate 20 questions about python,study_quiz
can you tell me generate cards for important concepts with questions and answers,study_flashcards
i want to know turn my notes into study cards,study_flashcards
help me give me the chapter summary,study_summary
could you tell me test my understanding of operating systems,study_quiz
can you turn these paragraphs into notes in simple language,study_notes
can you reduce this content to important points for quick revision,study_summary
can you tell me give me a short revision of this lesson in simple words,study_summary
create flashcards for exam preparation,study_flashcards
tell me turn this study material into flashcards in simple language,study_flashcards
give me the chapter summary briefly,study_summary
recommend a restaurant nearby if possible,generic
can you suggest a tv series today,generic
please what is encapsulation in simple words,study_explain
could you help me recommend a restaurant nearby please,generic
i need to know turn this chapter into flashcards covering important concepts,study_flashcards
could you what is a good book to read for fun when you can,generic
could you generate questions for revision with multiple choice options,study_quiz
can you tell me summarize the uploaded document,study_summary
could you explain object oriented programming in simple words,study_explain
can you tell me make revision notes for me for my exam,study_notes
i want to know turn these paragraphs into notes with headings,study_notes
i need to know create notes about operating system deadlocks with headings,study_notes
please explain object oriented programming,study_explain
can you create an exam quiz for me for practice,study_quiz
explain cloud computing in an easy way,study_explain
i want to know quiz me on computer architecture for my exam,study_quiz
can you tell me prepare concise notes on python for revision,study_notes
generate 20 questions about python with multiple choice options,study_quiz
help me understand computer networks clearly,study_explain
give me recommendations for a restaurant nearby for me,generic
i want to know test my understanding of operating systems for practice,study_quiz
i need to know generate flashcards for revision for quick revision,study_flashcards
can you what is trending on social media today,generic
help me test my understanding of operating systems for my exam,study_quiz
i want to know give me the essential points in short,study_summary
could you help me suggest a tv series if possible,generic
could you tell me make flashcards for quick revision for revision,study_flashcards
can you how is the weather today please,generic
can you help me suggest a tv series today,generic
generate questions for revision,study_quiz
can you help me what can i do this weekend when you can,generic
could you help me give me a simple dinner recipe,generic
please give me the essential points,study_summary
give me practice questions on sql at beginner level,study_quiz
could you tell me turn my study material into notes with headings,study_notes
help me turn this study material into flashcards in simple language,study_flashcards
could you tell me make a quiz about computer networks,study_quiz
help me what is a good book to read for fun when you can,generic
could you tell me help me understand computer networks in simple terms,study_explain
could you summarize the uploaded document in a few points,study_summary
please give me practice questions on sql for my exam,study_quiz
i want to know quiz me on object oriented programming at intermediate level,study_quiz
prepare concise notes on Python,study_notes
can you make notes on object oriented programming in simple language,study_notes
help me generate 20 questions about python for practice,study_quiz
please help me help me write a birthday message this weekend,generic
could you create flashcards about operating systems covering important concepts,study_flashcards
could you explain overfitting in machine learning,study_explain
can you explain sql joins in an easy way,study_explain
i need to know make revision flashcards,study_flashcards
could you generate flashcards for revision for my exam,study_flashcards
tell me create an exam quiz for me at beginner level,study_quiz
i want to know create notes about operating system deadlocks for revision,study_notes
tell me explain object oriented programming,study_explain
can you tell me generate 20 questions about python for revision,study_quiz
help me reduce this content to important points in simple words,study_summary
make a quiz about computer networks with answers,study_quiz
can you prepare notes about cloud computing,study_notes
could you test my understanding of operating systems with answers,study_quiz
i need to know make revision flashcards with questions and answers,study_flashcards
tell me explain primary keys and foreign keys for beginners,study_explain
could you tell me a joke if possible,generic
can you help me what is trending on social media today,generic
give me a short summary of this topic,study_summary
please reduce this content to important points concisely,study_summary
please make practice questions for this lesson for my exam,study_quiz
could you tell me turn these paragraphs into notes in a structured format,study_notes
give me some ideas for a movie for the weekend this weekend,generic
make flashcards for python concepts covering important concepts,study_flashcards
prepare quick revision cards,study_flashcards
can you help me what is trending on social media,generic
could you tell me test my knowledge of data structures,study_quiz
please make notes about operating systems with headings,study_notes
please turn my study material into notes with important points,study_notes
i need to know create flashcards about operating systems in simple language,study_flashcards
i want to know what is a linked list,study_explain
can you summarize the important formulas for my exam,study_summary
i need help to how is the weather today today,generic
can you tell me test my knowledge of data structures at beginner level,study_quiz
tell me give me the chapter summary concisely,study_summary
i want to know give me the chapter summary briefly,study_summary
explain cloud computing with an example,study_explain
could you tell me generate practice mcqs,study_quiz
create notes on artificial intelligence for my exam,study_notes
i need help to recommend a restaurant nearby right now,generic
tell me explain overfitting in machine learning,study_explain
can you generate questions for revision at intermediate level,study_quiz
can you explain primary keys and foreign keys in detail,study_explain
i want to know make flashcards from this chapter for revision,study_flashcards
could you generate flashcards for revision with questions and answers,study_flashcards
i need to know make flashcards for python concepts,study_flashcards
can you what is encapsulation with an example,study_explain
can you explain cloud computing step by step,study_explain
i want to know turn my study material into notes with important points,study_notes
help me turn these paragraphs into notes for revision,study_notes
i need to know make this explanation shorter briefly,study_summary
please what is a good book to read for fun when you can,generic
please help me recommend a restaurant nearby this weekend,generic
help me turn these paragraphs into notes in simple language,study_notes
can you tell me what is inheritance in java with an example,study_explain
tell me create flashcards about operating systems with questions and answers,study_flashcards
test my understanding of operating systems with answers,study_quiz
could you tell me test my understanding of operating systems with multiple choice options,study_quiz
could you explain sql joins clearly,study_explain
give me practice questions on sql for practice,study_quiz
please help me help me write a birthday message please,generic
can you generate cards for important concepts for my exam,study_flashcards
i want to know help me understand computer networks with an example,study_explain
please make this explanation shorter concisely,study_summary
tell me create an exam quiz for me for revision,study_quiz
can you help me what is a good book to read for fun if possible,generic
suggest a tv series please,generic
please turn my study material into notes in a structured format,study_notes
please create an exam quiz for me with answers,study_quiz
can you tell me make flashcards for quick revision for my exam,study_flashcards
suggest a movie for the weekend this weekend,generic
tell me give me a brief revision guide briefly,study_summary
make this explanation shorter in short,study_summary
give me flashcards to memorize this topic,study_flashcards
could you reduce this content to important points in short,study_summary
help me explain object oriented programming for beginners,study_explain
generate questions for revision for revision,study_quiz
i want to know create flashcards about operating systems covering important concepts,study_flashcards
i need to know make flashcards for quick revision for my exam,study_flashcards
tell me generate cards for important concepts covering important concepts,study_flashcards
recommend a tv series if possible,generic
can you make notes about operating systems in simple language,study_notes
turn my study material into notes with important points,study_notes
test my knowledge of data structures for my exam,study_quiz
can you recommend a tv series,generic
can you tell me create notes about operating system deadlocks with important points,study_notes
tell me what is a linked list in simple terms,study_explain
please make a quick summary of this lesson for my exam,study_summary
recommend a restaurant nearby today,generic
generate revision notes in a structured format,study_notes
i want to know give me the essential points,study_summary
could you help me give me a simple dinner recipe today,generic
could you create flashcards about operating systems for my exam,study_flashcards
can you help me suggest a tv series when you can,generic
could you tell me make this explanation shorter in simple words,study_summary
i want to know test me on machine learning with multiple choice options,study_quiz
could you generate cards for important concepts in simple language,study_flashcards
help me make revision notes for me for my exam,study_notes
tell me what is inheritance in java in an easy way,study_explain
i need to know make notes about database management in a structured format,study_notes
can you help me tell me a joke today,generic
give me a brief overview of operating systems concisely,study_summary
can you create notes about operating system deadlocks with important points,study_notes
could you tell me explain cloud computing,study_explain
could you tell me generate 20 questions about python for practice,study_quiz
could you tell me explain overfitting in machine learning in simple terms,study_explain
please what is a good book to read for fun for me,generic
please what is inheritance in java simply,study_explain
could you make a quiz about computer networks for my exam,study_quiz
make notes about database management for revision,study_notes
help me summarize the uploaded document for my exam,study_summary
can you tell me reduce this content to important points for quick revision,study_summary
could you make flashcards for python concepts for revision,study_flashcards
can you tell me explain overfitting in machine learning for beginners,study_explain
please summarize the uploaded document in short,study_summary
please help me help me write a birthday message for this evening,generic
i need to know generate revision notes with headings,study_notes
could you tell me explain object oriented programming in simple words,study_explain
summarize this article for studying in short,study_summary
can you tell me explain cloud computing for beginners,study_explain
what is a good book to read for fun for this evening,generic
can you tell me create an exam quiz for me for revision,study_quiz
could you give me a short revision of this lesson concisely,study_summary
can you make revision flashcards for my exam,study_flashcards
i need to know give me a brief overview of operating systems concisely,study_summary
could you generate cards for important concepts with questions and answers,study_flashcards
help me give me the essential points in simple words,study_summary
please help me understand computer networks,study_explain
summarize this material in simple words,study_summary
i want to know explain primary keys and foreign keys clearly,study_explain
could you generate revision notes with important points,study_notes
i need to know make practice questions for this lesson for my exam,study_quiz
can you tell me prepare concise notes on python in concise form,study_notes
tell me create flashcards from my notes for my exam,study_flashcards
can you summarize this article for studying in simple words,study_summary
explain database indexing,study_explain
could you tell me summarize this article for studying in simple words,study_summary
tell me make practice questions for this lesson at beginner level,study_quiz
give me a short revision of this lesson concisely,study_summary
make notes about operating systems in a structured format,study_notes
can you tell me turn this chapter into flashcards covering important concepts,study_flashcards
could you explain overfitting in machine learning in simple terms,study_explain
could you tell me create notes on artificial intelligence with important points,study_notes
tell me create an exam quiz for me at intermediate level,study_quiz
can you help me give me a simple dinner recipe for me,generic
help me explain object oriented programming clearly,study_explain
make study material from this topic,study_notes
i need to know what is a linked list for beginners,study_explain
please quiz me on object oriented programming for practice,study_quiz
please generate practice mcqs at intermediate level,study_quiz
can you tell me make flashcards for quick revision,study_flashcards
could you tell me generate 20 questions about python at intermediate level,study_quiz
tell me make this explanation shorter briefly,study_summary
help me generate revision notes in simple language,study_notes
can you tell me what is encapsulation in detail,study_explain
could you reduce this content to important points in simple words,study_summary
help me give me a simple dinner recipe this weekend,generic
could you create flashcards from my notes for my exam,study_flashcards
give me a simple dinner recipe today,generic
i need help to what can i do this weekend,generic
i want to know turn these paragraphs into notes for my exam,study_notes
help me turn my study material into notes with important points,study_notes
could you tell me prepare concise notes on python for my exam,study_notes
can you help me understand computer networks with an example,study_explain
could you tell me explain primary keys and foreign keys clearly,study_explain
can you turn my notes into study cards for my exam,study_flashcards
i want to know summarize the uploaded document for quick revision,study_summary
could you tell me give me the chapter summary concisely,study_summary
please give me a brief revision guide for my exam,study_summary
make notes about database management,study_notes
help me explain sql joins with an example,study_explain
help me generate revision notes in a structured format,study_notes
could you give me a short revision of this lesson briefly,study_summary
could you tell me explain sql joins simply,study_explain
can you help me tell me a joke for me,generic
i want to help me write a birthday message when you can,generic
create flashcards from my notes in simple language,study_flashcards
i want to know make a quick summary of this lesson briefly,study_summary
create flashcards about operating systems with questions and answers,study_flashcards
i need to know make revision notes for me in simple language,study_notes
can you recommend a movie for the weekend if possible,generic
please make flashcards from this chapter for my exam,study_flashcards
i need to know generate practice mcqs at intermediate level,study_quiz
make practice questions for this lesson for practice,study_quiz
i need to know explain sql joins in simple terms,study_explain
give me a short revision of this lesson in short,study_summary
can you give me a brief revision guide in a few points,study_summary
i want to know explain primary keys and foreign keys in detail,study_explain
can you what can i do this weekend for this evening,generic
please prepare quick revision cards in simple language,study_flashcards
help me explain overfitting in machine learning with an example,study_explain
could you tell me create flashcards about operating systems covering important concepts,study_flashcards
could you tell me give me the chapter summary in short,study_summary
generate 20 questions about python with answers,study_quiz
please turn this chapter into flashcards for revision,study_flashcards
tell me create flashcards about operating systems for my exam,study_flashcards
can you what is a linked list in an easy way,study_explain
please summarize this article for studying in short,study_summary
help me generate revision notes with important points,study_notes
please help me recommend a restaurant nearby right now,generic
can you tell me give me the essential points for my exam,study_summary
could you tell me make flashcards about computer networks for quick revision,study_flashcards
give me flashcards on normalization,study_flashcards
please tell me a joke right now,generic
could you help me what is trending on social media right now,generic
could you explain cloud computing in detail,study_explain
could you explain sql joins simply,study_explain
i want to suggest a movie for the weekend for me,generic
can you suggest a movie for the weekend if possible,generic
tell me what is inheritance in java with an example,study_explain
i need to know turn my notes into study cards covering important concepts,study_flashcards
explain cloud computing in simple words,study_explain
tell me give me the essential points for my exam,study_summary
can you tell me explain cloud computing simply,study_explain
what is the weather tomorrow,generic
please explain sql joins in simple words,study_explain
shorten these notes,study_summary
i need to know make notes about operating systems for my exam,study_notes
please turn this chapter into flashcards with questions and answers,study_flashcards
can you summarize this article for studying in short,study_summary
please explain overfitting in machine learning step by step,study_explain
give me recommendations for a restaurant nearby if possible,generic
can you what is feature engineering simply,study_explain
please make notes on object oriented programming in a structured format,study_notes
can you test me on machine learning with multiple choice options,study_quiz
turn this chapter into flashcards covering important concepts,study_flashcards
could you help me understand computer networks,study_explain
create revision questions,study_quiz
i need to know generate 20 questions about python for my exam,study_quiz
help me help me write a birthday message if possible,generic
i need help to suggest a tv series for me,generic
tell me turn these paragraphs into notes for revision,study_notes
can you turn my notes into study cards covering important concepts,study_flashcards
tell me give me exam notes for this topic in concise form,study_notes
could you help me give me a simple dinner recipe when you can,generic
can you recommend a movie for the weekend today,generic
can you make practice questions for this lesson at intermediate level,study_quiz
can you help me recommend a restaurant nearby for this evening,generic
help me reduce this content to important points for quick revision,study_summary
can you summarize this article for studying concisely,study_summary
can you tell me make a quiz about computer networks at intermediate level,study_quiz
please give me practice questions on sql with multiple choice options,study_quiz
please help me give me a simple dinner recipe if possible,generic
could you tell me make revision flashcards in simple language,study_flashcards
please make practice questions for this lesson at intermediate level,study_quiz
could you tell me summarize the uploaded document,study_summary
help me summarize the uploaded document briefly,study_summary
i need help to help me write a birthday message this weekend,generic
could you what is feature engineering clearly,study_explain
what is trending on social media today,generic
can you summarize the important formulas in a few points,study_summary
could you give me a simple dinner recipe this weekend,generic
can you make notes about operating systems with headings,study_notes
can you recommend a movie for the weekend right now,generic
could you tell me give me the chapter summary for my exam,study_summary
suggest a tv series for me,generic
i need to know summarize the important formulas in simple words,study_summary
generate questions for revision for my exam,study_quiz
can you tell me turn this study material into flashcards for revision,study_flashcards
i need to know summarize this article for studying for quick revision,study_summary
i want to know turn this study material into flashcards,study_flashcards
what can i do this weekend right now,generic
could you suggest a movie for the weekend when you can,generic
can you test my knowledge of data structures at beginner level,study_quiz
help me make flashcards for quick revision in simple language,study_flashcards
please prepare quick revision cards for revision,study_flashcards
i need to know explain sql joins in an easy way,study_explain
i want to know what is feature engineering in simple words,study_explain
tell me quiz me on object oriented programming at intermediate level,study_quiz
what is data preprocessing,study_explain
can you tell me test me on machine learning with answers,study_quiz
could you turn this chapter into flashcards for revision,study_flashcards
can you suggest a good book to read for fun for me,generic
tell me prepare quick revision cards for my exam,study_flashcards
i want to know explain overfitting in machine learning in simple words,study_explain
summarize this text for revision,study_summary
could you quiz me on computer architecture at beginner level,study_quiz
tell me test me on machine learning for revision,study_quiz
help me turn these paragraphs into notes,study_notes
could you prepare notes about cloud computing in a structured format,study_notes
i need to know create an exam quiz for me with multiple choice options,study_quiz
can you tell me prepare concise notes on python in a structured format,study_notes
could you tell me give me a brief overview of operating systems concisely,study_summary
help me make flashcards from this chapter with questions and answers,study_flashcards
help me what is a good book to read for fun this weekend,generic
help me make a quiz about computer networks at intermediate level,study_quiz
can you tell me create flashcards about operating systems for quick revision,study_flashcards
i need to know turn this chapter into flashcards,study_flashcards
could you tell me create flashcards from my notes for quick revision,study_flashcards
can you tell me a joke right now,generic
tell me summarize the uploaded document concisely,study_summary
can you tell me turn this chapter into flashcards for my exam,study_flashcards
i need to know make a quick summary of this lesson in short,study_summary
could you tell me create flashcards from my notes in simple language,study_flashcards
tell me generate questions for revision for practice,study_quiz
i want to know make this explanation shorter in a few points,study_summary
could you make notes about operating systems for my exam,study_notes
recommend a tv series for me,generic
i need to know what is encapsulation step by step,study_explain
could you tell me create an exam quiz for me with answers,study_quiz
i want to suggest a movie for the weekend when you can,generic
can you tell me create notes about operating system deadlocks,study_notes
i want to know make revision flashcards,study_flashcards
i need to know quiz me on object oriented programming,study_quiz
make flashcards from this chapter with questions and answers,study_flashcards
please generate revision notes for revision,study_notes
i need help to give me a simple dinner recipe for this evening,generic
please create flashcards from my notes,study_flashcards
tell me explain cloud computing simply,study_explain
i need to know give me a brief revision guide for my exam,study_summary
please make a quiz about computer networks at intermediate level,study_quiz
can you make flashcards about computer networks in simple language,study_flashcards
i want to help me write a birthday message please,generic
tell me generate cards for important concepts with questions and answers,study_flashcards
help me make notes about operating systems with important points,study_notes
could you create flashcards about operating systems with questions and answers,study_flashcards
can you tell me explain cloud computing in an easy way,study_explain
could you make revision flashcards for my exam,study_flashcards
please make flashcards for quick revision covering important concepts,study_flashcards
please give me practice questions on sql with answers,study_quiz
i need help to what can i do this weekend for this evening,generic
summarize the important formulas concisely,study_summary
i want to know turn my notes into study cards with questions and answers,study_flashcards
could you tell me turn this study material into flashcards in simple language,study_flashcards
i want to know give me the chapter summary,study_summary
tell me turn this chapter into flashcards in simple language,study_flashcards
could you tell me give me the essential points,study_summary
could you tell me explain sql joins in simple words,study_explain
can you tell me create flashcards about operating systems,study_flashcards
please generate questions for revision at intermediate level,study_quiz
can you generate 20 questions about python for revision,study_quiz
recommend a restaurant nearby for this evening,generic
could you tell me make flashcards from this chapter with questions and answers,study_flashcards
make a quiz about computer networks for practice,study_quiz
can you help me what is trending on social media when you can,generic
can you tell me what is inheritance in java clearly,study_explain
test me on machine learning at intermediate level,study_quiz
please create flashcards from my notes for my exam,study_flashcards
could you give me the essential points in a few points,study_summary
can you tell me what is encapsulation,study_explain
could you help me tell me a joke if possible,generic
turn this study material into flashcards for revision,study_flashcards
i want to know explain overfitting in machine learning step by step,study_explain
give me a simple dinner recipe if possible,generic
i want to know give me the essential points for my exam,study_summary
can you reduce this content to important points briefly,study_summary
i need to know generate questions for revision,study_quiz
can you tell me quiz me on object oriented programming with multiple choice options,study_quiz
i need to know what is a linked list in simple words,study_explain
tell me what is a linked list step by step,study_explain
help me make notes about database management with important points,study_notes
could you give me practice questions on sql with answers,study_quiz
could you tell me summarize the causes of world war 1 briefly,study_summary
i want to know make notes on object oriented programming,study_notes
help me what are the main ideas here,study_summary
can you tell me give me a brief revision guide for quick revision,study_summary
i want to know summarize this article for studying briefly,study_summary
i need to know create notes on artificial intelligence for revision,study_notes
summarize the uploaded document in simple words,study_summary
could you create flashcards about operating systems for revision,study_flashcards
what are the main ideas here,study_summary
help me make flashcards for python concepts for my exam,study_flashcards
tell me what is a linked list in simple words,study_explain
i need to know create notes on artificial intelligence with important points,study_notes
could you tell me test me on machine learning for practice,study_quiz
how does binary search work,study_explain
could you help me understand computer networks for beginners,study_explain
test my understanding of operating systems,study_quiz
i need to know give me an mcq test for my exam,study_quiz
please suggest a tv series right now,generic
tell me give me a short revision of this lesson for my exam,study_summary
please what is encapsulation in detail,study_explain
could you tell me prepare concise notes on python in simple language,study_notes
can you quiz me on object oriented programming for practice,study_quiz
please what is inheritance in java for beginners,study_explain
i want to what is trending on social media please,generic
i want to know explain object oriented programming clearly,study_explain
help me make a quick summary of this lesson concisely,study_summary
i want to know what is inheritance in java in detail,study_explain
i want to know give me the chapter summary for quick revision,study_summary
can you tell me give me practice questions on sql at intermediate level,study_quiz
can you what can i do this weekend please,generic
could you tell me turn this study material into flashcards covering important concepts,study_flashcards
can you make notes about database management in concise form,study_notes
could you test my knowledge of data structures for revision,study_quiz
can you tell me make flashcards from this chapter for quick revision,study_flashcards
tell me turn these paragraphs into notes,study_notes
summarize this chapter for me,study_summary
i want to know make practice questions for this lesson at intermediate level,study_quiz
help me generate questions for revision with multiple choice options,study_quiz
can you give me a brief overview of operating systems in short,study_summary
help me explain primary keys and foreign keys simply,study_explain
help me give me the essential points for quick revision,study_summary
make a quiz about computer networks at intermediate level,study_quiz
can you generate 20 questions about python,study_quiz
what is trending on social media please,generic
please suggest a movie for the weekend today,generic
i want to tell me a joke,generic
help me make a quiz about computer networks for revision,study_quiz
help me make notes about database management with headings,study_notes
please give me the essential points in short,study_summary
could you help me how is the weather today please,generic
can you tell me turn my study material into notes in a structured format,study_notes
can you tell me test my knowledge of data structures for practice,study_quiz
help me give me exam notes for this topic,study_notes
could you summarize this article for studying for my exam,study_summary
give me a simple dinner recipe,generic
i want to know make this explanation shorter concisely,study_summary
can you turn my notes into study cards for quick revision,study_flashcards
generate cards for important concepts covering important concepts,study_flashcards
i want to know make a quiz about computer networks with answers,study_quiz
please what can i do this weekend when you can,generic
can you help me recommend a restaurant nearby if possible,generic
make a quick summary of this lesson concisely,study_summary
can you create an exam quiz for me at beginner level,study_quiz
could you what is inheritance in java in an easy way,study_explain
tell me turn my notes into study cards,study_flashcards
i want to know turn this chapter into flashcards,study_flashcards
help me make a quick summary of this lesson,study_summary
help me what is encapsulation step by step,study_explain
help me summarize this article for studying for my exam,study_summary
tell me turn this chapter into flashcards for my exam,study_flashcards
could you tell me make a quick summary of this lesson in short,study_summary
create study cards about data structures,study_flashcards
i need to know explain primary keys and foreign keys in simple words,study_explain
can you tell me reduce this content to important points for my exam,study_summary
please give me a simple dinner recipe this weekend,generic
help me suggest a tv series,generic
i need to know what are the main ideas here,study_summary
could you quiz me on object oriented programming at intermediate level,study_quiz
please make revision flashcards in simple language,study_flashcards
could you tell me prepare notes about cloud computing in concise form,study_notes
please help me write a birthday message today,generic
help me make flashcards for quick revision for quick revision,study_flashcards
i want to know give me practice questions on sql,study_quiz
tell me explain overfitting in machine learning in simple words,study_explain
i want to know create flashcards about operating systems for my exam,study_flashcards
can you tell me generate flashcards for revision for quick revision,study_flashcards
could you tell me turn these paragraphs into notes,study_notes
can you give me the chapter summary briefly,study_summary
tell me make flashcards for quick revision for revision,study_flashcards
tell me make this explanation shorter in simple words,study_summary
i want to know generate flashcards for revision for my exam,study_flashcards
can you what is inheritance in java clearly,study_explain
please quiz me on object oriented programming for my exam,study_quiz
could you test me on machine learning at intermediate level,study_quiz
could you suggest a tv series this weekend,generic
please make flashcards for python concepts with questions and answers,study_flashcards
tell me generate 20 questions about python,study_quiz
help me quiz me on computer architecture with multiple choice options,study_quiz
tell me make this explanation shorter for quick revision,study_summary
please test me on machine learning for practice,study_quiz
what is feature engineering for beginners,study_explain
please make revision flashcards for quick revision,study_flashcards
can you tell me test my understanding of operating systems for practice,study_quiz
help me prepare notes about cloud computing with important points,study_notes
can you tell me help me understand computer networks,study_explain
could you tell me make flashcards for python concepts for revision,study_flashcards
tell me help me understand computer networks clearly,study_explain
can you what is feature engineering for beginners,study_explain
please what is a linked list with an example,study_explain
please turn my notes into study cards covering important concepts,study_flashcards
can you make flashcards for python concepts in simple language,study_flashcards
tell me generate practice mcqs with answers,study_quiz
could you tell me what is feature engineering in simple words,study_explain
could you help me what can i do this weekend for me,generic
please help me suggest a tv series right now,generic
can you tell me generate cards for important concepts in simple language,study_flashcards
can you tell me explain cloud computing with an example,study_explain
can you tell me generate cards for important concepts,study_flashcards
can you tell me create flashcards about operating systems covering important concepts,study_flashcards
can you prepare concise notes on python for revision,study_notes
make flashcards for quick revision with questions and answers,study_flashcards
could you generate revision notes in concise form,study_notes
can you summarize the uploaded document in short,study_summary
help me what is inheritance in java for beginners,study_explain
could you make practice questions for this lesson for practice,study_quiz
can you tell me give me exam notes for this topic in concise form,study_notes
tell me create an exam quiz for me for my exam,study_quiz
i want to know what is encapsulation in simple words,study_explain
could you explain primary keys and foreign keys clearly,study_explain
can you make practice questions for this lesson at beginner level,study_quiz
tell me explain cloud computing step by step,study_explain
could you prepare flashcards for my exam covering important concepts,study_flashcards
tell me generate 20 questions about python at intermediate level,study_quiz
can you tell me quiz me on computer architecture with multiple choice options,study_quiz
please suggest a movie for the weekend please,generic
can you generate practice mcqs for practice,study_quiz
can you tell me explain overfitting in machine learning in an easy way,study_explain
i want to know what is encapsulation simply,study_explain
could you create flashcards from my notes,study_flashcards
help me explain primary keys and foreign keys in detail,study_explain
i need to know explain sql joins simply,study_explain
can you tell me generate 20 questions about python at intermediate level,study_quiz
give me recommendations for a restaurant nearby today,generic
i want to know explain object oriented programming in simple words,study_explain
help me turn these paragraphs into notes in concise form,study_notes
can you turn this study material into flashcards in simple language,study_flashcards
can you make notes about operating systems for my exam,study_notes
turn this topic into study notes,study_notes
can you tell me summarize the uploaded document briefly,study_summary
could you make flashcards about computer networks,study_flashcards
tell me generate questions for revision at intermediate level,study_quiz
please create an exam quiz for me,study_quiz
help me give me a short revision of this lesson in a few points,study_summary
what are the main ideas here for quick revision,study_summary
could you tell me create an exam quiz for me for my exam,study_quiz
could you give me a short revision of this lesson,study_summary
what is inheritance in java with an example,study_explain
create an exam quiz for me for revision,study_quiz
could you tell me make flashcards from this chapter for quick revision,study_flashcards
can you tell me what is feature engineering with an example,study_explain
give me a brief revision guide,study_summary
recommend a tv series for this evening,generic
please quiz me on object oriented programming at intermediate level,study_quiz
make an online test about machine learning,study_quiz
could you tell me help me understand computer networks simply,study_explain
could you turn these paragraphs into notes in simple language,study_notes
i need help to suggest a tv series,generic
tell me test my understanding of operating systems with multiple choice options,study_quiz
turn this chapter into flashcards for revision,study_flashcards
help me give me a short revision of this lesson in short,study_summary
please explain cloud computing simply,study_explain
can you turn these paragraphs into notes for revision,study_notes
suggest a restaurant nearby right now,generic
please generate cards for important concepts for revision,study_flashcards
can you tell me give me a brief overview of operating systems in simple words,study_summary
please make flashcards for quick revision in simple language,study_flashcards
can you what can i do this weekend,generic
explain object oriented programming in simple words,study_explain
help me generate revision notes with headings,study_notes
can you prepare quick revision cards for my exam,study_flashcards
could you tell me reduce this content to important points for quick revision,study_summary
tell me turn these paragraphs into notes in a structured format,study_notes
could you tell me what is inheritance in java simply,study_explain
i want to suggest a tv series if possible,generic
prepare concise notes on python for revision,study_notes
could you tell me what is encapsulation,study_explain
i want to know make flashcards for python concepts in simple language,study_flashcards
could you give me a simple dinner recipe when you can,generic
i need to know summarize the uploaded document for quick revision,study_summary
i want to know generate cards for important concepts in simple language,study_flashcards
i need to know generate 20 questions about python,study_quiz
could you tell me explain object oriented programming in simple terms,study_explain
help me create notes on artificial intelligence for revision,study_notes
what is encapsulation in simple words,study_explain
i need to know make this explanation shorter,study_summary
can you tell me create flashcards about operating systems in simple language,study_flashcards
tell me make a quick summary of this lesson in a few points,study_summary
please help me recommend a restaurant nearby,generic
i want to know make notes on object oriented programming in concise form,study_notes
i need to know generate revision notes with important points,study_notes
please make notes about database management in a structured format,study_notes
help me create notes about operating system deadlocks in simple language,study_notes
can you explain overfitting in machine learning in an easy way,study_explain
please help me understand computer networks with an example,study_explain
tell me what is inheritance in java clearly,study_explain
i need to know make flashcards for quick revision with questions and answers,study_flashcards
tell me give me the essential points,study_summary
tell me make flashcards for quick revision covering important concepts,study_flashcards
i need to know prepare concise notes on python,study_notes
please reduce this content to important points in simple words,study_summary
i need to know turn this chapter into flashcards for my exam,study_flashcards
please give me a simple dinner recipe if possible,generic
please make flashcards about computer networks with questions and answers,study_flashcards
can you tell me generate revision notes for revision,study_notes
could you what is feature engineering,study_explain
can you generate 20 questions about python for my exam,study_quiz
can you tell me what is inheritance in java,study_explain
i want to know create notes on artificial intelligence in concise form,study_notes
what should I wear today,generic
can you explain cloud computing for beginners,study_explain
i need to know make flashcards for python concepts with questions and answers,study_flashcards
make flashcards for quick revision,study_flashcards
please make notes about database management for my exam,study_notes
could you give me the chapter summary in simple words,study_summary
i need to know prepare flashcards for my exam,study_flashcards
i need to know generate cards for important concepts covering important concepts,study_flashcards
can you tell me what is encapsulation in an easy way,study_explain
please help me write a birthday message right now,generic
i need to know prepare flashcards for my exam with questions and answers,study_flashcards
i want to know test my knowledge of data structures with multiple choice options,study_quiz
can you tell me turn this study material into flashcards in simple language,study_flashcards
can you tell me make this explanation shorter briefly,study_summary
help me summarize the uploaded document in short,study_summary
please explain overfitting in machine learning in simple terms,study_explain
i need to know summarize this article for studying briefly,study_summary
i need to know explain primary keys and foreign keys in detail,study_explain
could you give me a brief revision guide for my exam,study_summary
make revision flashcards,study_flashcards
tell me help me understand computer networks in simple words,study_explain
i need to know create flashcards from my notes for my exam,study_flashcards
i need to know make a quiz about computer networks for practice,study_quiz
can you tell me create notes about operating system deadlocks for revision,study_notes
can you tell me make notes about operating systems for my exam,study_notes
tell me what is feature engineering simply,study_explain
create study notes for DBMS,study_notes
i want to what can i do this weekend,generic
please suggest a movie for the weekend if possible,generic
i need help to how is the weather today right now,generic
help me test my knowledge of data structures with answers,study_quiz
could you give me a brief revision guide,study_summary
can you suggest a good book to read for fun if possible,generic
reduce this content to important points for quick revision,study_summary
tell me generate flashcards for revision for quick revision,study_flashcards
could you what is a good book to read for fun right now,generic
help me explain object oriented programming simply,study_explain
can you tell me make a quiz about computer networks for practice,study_quiz
help me make notes on object oriented programming in a structured format,study_notes
please make this explanation shorter for quick revision,study_summary
could you make revision notes for me with headings,study_notes
suggest a restaurant nearby today,generic
could you what is encapsulation in detail,study_explain
i need to know give me a brief overview of operating systems briefly,study_summary
can you create an exam quiz for me for revision,study_quiz
suggest a movie for the weekend if possible,generic
can you tell me make flashcards for python concepts with questions and answers,study_flashcards
can you generate practice mcqs at beginner level,study_quiz
i want to give me a simple dinner recipe this weekend,generic
help me what is a linked list with an example,study_explain
i need help to recommend a restaurant nearby,generic
could you test me on machine learning for my exam,study_quiz
tell me explain primary keys and foreign keys in detail,study_explain
tell me what is feature engineering in simple terms,study_explain
could you help me tell me a joke when you can,generic
tell me quiz me on computer architecture for revision,study_quiz
could you give me exam notes for this topic,study_notes
i need to know explain object oriented programming in simple words,study_explain
could you help me what is a good book to read for fun right now,generic
could you make notes about operating systems for revision,study_notes
tell me make a quiz about computer networks with answers,study_quiz
can you tell me explain object oriented programming for beginners,study_explain
could you tell me generate revision notes for my exam,study_notes
could you prepare notes about cloud computing with headings,study_notes
create notes for this chapter in simple language,study_notes
i want to know test my understanding of operating systems with answers,study_quiz
can you generate 20 questions about python with answers,study_quiz
can you what is encapsulation in detail,study_explain
can you tell me prepare quick revision cards with questions and answers,study_flashcards
tell me make practice questions for this lesson at intermediate level,study_quiz
prepare quick revision cards for my exam,study_flashcards
can you prepare quick revision cards in simple language,study_flashcards
could you generate questions for revision for revision,study_quiz
could you quiz me on object oriented programming for revision,study_quiz
can you tell me make revision notes for me in a structured format,study_notes
make question answer cards from these notes,study_flashcards
could you make notes on object oriented programming in concise form,study_notes
turn my notes into study cards covering important concepts,study_flashcards
turn this chapter into flashcards for quick revision,study_flashcards
could you tell me make practice questions for this lesson with answers,study_quiz
can you tell me make a quiz about computer networks,study_quiz
i need help to give me a simple dinner recipe please,generic
could you tell me what is inheritance in java in simple words,study_explain
explain sql joins for beginners,study_explain
i need to know make notes on object oriented programming in simple language,study_notes
help me create notes on artificial intelligence in concise form,study_notes
what is inheritance in java simply,study_explain
make notes about operating systems with important points,study_notes
please create an exam quiz for me at intermediate level,study_quiz
could you tell me test me on machine learning for my exam,study_quiz
could you what is a linked list in detail,study_explain
can you generate questions for revision with multiple choice options,study_quiz
can you make revision flashcards,study_flashcards
could you tell me make notes about database management with headings,study_notes
i want to know give me the chapter summary for my exam,study_summary
generate practice mcqs for my exam,study_quiz
suggest a restaurant nearby please,generic
can you make flashcards about computer networks,study_flashcards
make this explanation shorter for my exam,study_summary
could you give me a brief overview of operating systems in simple words,study_summary
explain the difference between TCP and UDP,study_explain
help me give me a simple dinner recipe if possible,generic
i want to know quiz me on computer architecture with multiple choice options,study_quiz
i want to know summarize the uploaded document in a few points,study_summary
could you explain object oriented programming clearly,study_explain
can you make notes on object oriented programming in a structured format,study_notes
i need to know turn my study material into notes in simple language,study_notes
could you what is encapsulation,study_explain
help me summarize the important formulas in short,study_summary
can you tell me give me a brief revision guide concisely,study_summary
tell me give me practice questions on sql with multiple choice options,study_quiz
i need to know make practice questions for this lesson for revision,study_quiz
can you suggest a movie for the weekend please,generic
can you tell me prepare quick revision cards covering important concepts,study_flashcards
could you summarize the important formulas for my exam,study_summary
can you tell me prepare quick revision cards for revision,study_flashcards
can you turn this study material into flashcards for my exam,study_flashcards
i want to know explain cloud computing step by step,study_explain
could you tell me create notes about operating system deadlocks for revision,study_notes
could you give me exam notes for this topic with headings,study_notes
can you tell me create notes about operating system deadlocks in simple language,study_notes
please generate 20 questions about python at intermediate level,study_quiz
can you tell me turn my study material into notes with important points,study_notes
could you tell me quiz me on object oriented programming for my exam,study_quiz
can you turn my study material into notes for my exam,study_notes
could you tell me explain primary keys and foreign keys in detail,study_explain
i need to know explain primary keys and foreign keys,study_explain
tell me generate practice mcqs,study_quiz
can you quiz me on object oriented programming for my exam,study_quiz
could you test my knowledge of data structures,study_quiz
can you tell me create an exam quiz for me for practice,study_quiz
can you tell me summarize the uploaded document in simple words,study_summary
can you tell me generate flashcards for revision covering important concepts,study_flashcards
i want to know prepare concise notes on python for my exam,study_notes
what is a good book to read for fun,generic
could you generate questions for revision for my exam,study_quiz
can you tell me explain overfitting in machine learning clearly,study_explain
can you give me a brief revision guide in short,study_summary
tell me help me understand computer networks for beginners,study_explain
could you tell me what is a linked list with an example,study_explain
i want to suggest a movie for the weekend this weekend,generic
what would be a good book to read for fun if possible,generic
i want to what can i do this weekend for this evening,generic
what can i do this weekend for me,generic
can you explain sql joins clearly,study_explain
could you tell me what is a linked list step by step,study_explain
could you what is trending on social media right now,generic
please generate questions for revision with multiple choice options,study_quiz
please help me recommend a restaurant nearby when you can,generic
can you reduce this content to important points in short,study_summary
i want to know generate flashcards for revision for quick revision,study_flashcards
tell me generate questions for revision with multiple choice options,study_quiz
could you quiz me on computer architecture at intermediate level,study_quiz
i want to know create an exam quiz for me,study_quiz
could you what is inheritance in java clearly,study_explain
can you prepare flashcards for my exam for my exam,study_flashcards
can you tell me give me a short revision of this lesson for quick revision,study_summary
please explain cloud computing step by step,study_explain
give me exam notes for this topic in a structured format,study_notes
could you turn this study material into flashcards covering important concepts,study_flashcards
can you summarize the uploaded document for my exam,study_summary
can you tell me give me a brief overview of operating systems for my exam,study_summary
could you tell me make flashcards from this chapter for revision,study_flashcards
help me turn my study material into notes in simple language,study_notes
please generate cards for important concepts in simple language,study_flashcards
help me what can i do this weekend this weekend,generic
help me write a birthday message if possible,generic
what would be a good book to read for fun when you can,generic
give me revision cards for this chapter,study_flashcards
i need to know make flashcards for python concepts for revision,study_flashcards
i want to know quiz me on computer architecture,study_quiz
suggest a restaurant nearby for me,generic
could you tell me summarize the causes of world war 1,study_summary
make a quick summary of this lesson in short,study_summary
turn this study material into flashcards for my exam,study_flashcards
can you tell me summarize this article for studying in a few points,study_summary
please what are the main ideas here in simple words,study_summary
i need to know give me exam notes for this topic,study_notes
please generate revision notes in a structured format,study_notes
i need to know make notes about database management for my exam,study_notes
could you tell me generate questions for revision for revision,study_quiz
i want to tell me a joke when you can,generic
please make flashcards from this chapter with questions and answers,study_flashcards
can you tell me create notes about operating system deadlocks with headings,study_notes
please make flashcards for quick revision,study_flashcards
could you make this explanation shorter briefly,study_summary
please explain cloud computing in an easy way,study_explain
i want to know prepare quick revision cards for revision,study_flashcards
could you tell me test my understanding of operating systems for practice,study_quiz
i want to know test me on machine learning,study_quiz
can you help me understand computer networks in simple words,study_explain
help me test my understanding of operating systems at beginner level,study_quiz
make a quiz about computer networks with multiple choice options,study_quiz
please help me give me a simple dinner recipe for me,generic
i want to know test my knowledge of data structures at intermediate level,study_quiz
make notes on object oriented programming for revision,study_notes
tell me turn my study material into notes with headings,study_notes
tell me summarize this article for studying concisely,study_summary
can you explain overfitting in machine learning for beginners,study_explain
please prepare flashcards for my exam,study_flashcards
could you quiz me on object oriented programming at beginner level,study_quiz
help me create notes on artificial intelligence in simple language,study_notes
could you tell me what is feature engineering for beginners,study_explain
can you turn this chapter into flashcards for revision,study_flashcards
can you test my understanding of operating systems for practice,study_quiz
can you tell me make revision flashcards for my exam,study_flashcards
can you tell me summarize the important formulas briefly,study_summary
can you prepare concise notes on python with headings,study_notes
tell me make this explanation shorter in short,study_summary
help me help me understand computer networks with an example,study_explain
can you generate practice mcqs with answers,study_quiz
can you tell me make notes about operating systems with headings,study_notes
could you tell me make flashcards for python concepts in simple language,study_flashcards
summarize the important formulas in short,study_summary
i want to know make this explanation shorter,study_summary
help me make flashcards from this chapter for quick revision,study_flashcards
make practice questions for this lesson for my exam,study_quiz
please quiz me on object oriented programming with multiple choice options,study_quiz
can you generate revision notes in a structured format,study_notes
please help me what is a good book to read for fun if possible,generic
i want to know make flashcards from this chapter in simple language,study_flashcards
could you help me give me a simple dinner recipe please,generic
please what is encapsulation,study_explain
can you tell me create notes on artificial intelligence in concise form,study_notes
please give me the essential points in a few points,study_summary
help me give me a short revision of this lesson in simple words,study_summary
can you create an exam quiz for me,study_quiz
could you create flashcards from my notes covering important concepts,study_flashcards
i want to know quiz me on computer architecture for practice,study_quiz
can you what are the main ideas here in simple words,study_summary
tell me what is feature engineering step by step,study_explain
i need to know give me exam notes for this topic for revision,study_notes
could you tell me prepare quick revision cards for quick revision,study_flashcards
can you tell me what is inheritance in java in simple terms,study_explain
help me quiz me on computer architecture with answers,study_quiz
can you explain object oriented programming clearly,study_explain
tell me make notes about database management,study_notes
i want to know prepare quick revision cards in simple language,study_flashcards
summarize the uploaded document for my exam,study_summary
make a quiz about computer networks at beginner level,study_quiz
could you turn my notes into study cards for quick revision,study_flashcards
i need to know create flashcards from my notes in simple language,study_flashcards
can you make flashcards for python concepts with questions and answers,study_flashcards
help me explain cloud computing in an easy way,study_explain
explain cloud computing in simple terms,study_explain
i need to know quiz me on object oriented programming with answers,study_quiz
can you tell me give me the essential points in simple words,study_summary
i want to know generate revision notes in concise form,study_notes
i need to know give me exam notes for this topic in concise form,study_notes
could you help me suggest a tv series this weekend,generic
could you reduce this content to important points briefly,study_summary
help me what is a good book to read for fun,generic
help me find a restaurant nearby this weekend,generic
can you tell me explain sql joins with an example,study_explain
help me give me practice questions on sql at intermediate level,study_quiz
can you give me the essential points for quick revision,study_summary
can you tell me give me the essential points for quick revision,study_summary
tell me make revision flashcards in simple language,study_flashcards
make me a practice quiz,study_quiz
please help me what can i do this weekend for me,generic
could you tell me what is inheritance in java in simple terms,study_explain
tell me turn this study material into flashcards for quick revision,study_flashcards
i want to know give me a short revision of this lesson for my exam,study_summary
could you tell me what is inheritance in java with an example,study_explain
can you help me what is trending on social media please,generic
could you what is inheritance in java step by step,study_explain
tell me explain primary keys and foreign keys clearly,study_explain
can you create notes on artificial intelligence for revision,study_notes
help me make flashcards for quick revision covering important concepts,study_flashcards
help me turn this study material into flashcards for revision,study_flashcards
i need to know give me the essential points for my exam,study_summary
i want to know explain cloud computing in simple terms,study_explain
make notes about normalization,study_notes
can you help me write a birthday message if possible,generic
please help me tell me a joke please,generic
help me explain sql joins in an easy way,study_explain
can you quiz me on computer architecture at intermediate level,study_quiz
could you make practice questions for this lesson at intermediate level,study_quiz
i need to know what is a linked list with an example,study_explain
i want to know make flashcards for quick revision,study_flashcards
could you tell me test my understanding of operating systems with answers,study_quiz
can you tell me test my understanding of operating systems,study_quiz
help me write a birthday message for this evening,generic
could you what is inheritance in java with an example,study_explain
tell me prepare flashcards for my exam covering important concepts,study_flashcards
could you tell me create flashcards from my notes for my exam,study_flashcards
can you what can i do this weekend if possible,generic
could you tell me create notes about operating system deadlocks for my exam,study_notes
could you give me exam notes for this topic in a structured format,study_notes
help me generate cards for important concepts for quick revision,study_flashcards
could you turn my notes into study cards,study_flashcards
help me what is inheritance in java in simple words,study_explain
could you give me practice questions on sql for practice,study_quiz
i want to know test me on machine learning for revision,study_quiz
please test my knowledge of data structures with multiple choice options,study_quiz
please quiz me on computer architecture with multiple choice options,study_quiz
help me give me practice questions on sql for revision,study_quiz
can you tell me make a quick summary of this lesson briefly,study_summary
tell me make revision notes for me for revision,study_notes
help me make revision flashcards for my exam,study_flashcards
i want to know explain sql joins step by step,study_explain
can you tell me generate 20 questions about python with multiple choice options,study_quiz
make flashcards for quick revision covering important concepts,study_flashcards
help me explain overfitting in machine learning for beginners,study_explain
please recommend a restaurant nearby for this evening,generic
could you quiz me on object oriented programming for my exam,study_quiz
help me quiz me on object oriented programming with answers,study_quiz
tell me test my knowledge of data structures,study_quiz
can you give me a brief revision guide for quick revision,study_summary
i want to know quiz me on object oriented programming for practice,study_quiz
can you tell me help me understand computer networks in detail,study_explain
create notes on artificial intelligence,study_notes
could you tell me make notes about operating systems in simple language,study_notes
i want to know turn this chapter into flashcards in simple language,study_flashcards
please turn these paragraphs into notes with headings,study_notes
could you generate 20 questions about python for my exam,study_quiz
could you tell me a joke for this evening,generic
please suggest a tv series please,generic
tell me make flashcards about computer networks,study_flashcards
help me explain primary keys and foreign keys clearly,study_explain
i need to know give me a brief revision guide concisely,study_summary
generate practice mcqs for revision,study_quiz
can you make revision notes for me in concise form,study_notes
please suggest a movie for the weekend for this evening,generic
tell me give me an mcq test for revision,study_quiz
could you tell me create notes about operating system deadlocks with important points,study_notes
can you tell me explain cloud computing clearly,study_explain
tell me prepare notes about cloud computing for my exam,study_notes
help me test me on machine learning with answers,study_quiz
please help me suggest a movie for the weekend for this evening,generic
could you explain cloud computing with an example,study_explain
could you tell me test my understanding of operating systems for my exam,study_quiz
explain overfitting in machine learning clearly,study_explain
help me turn my notes into study cards in simple language,study_flashcards
tell me make this explanation shorter for my exam,study_summary
can you tell me give me a short revision of this lesson for my exam,study_summary
can you create notes about operating system deadlocks in a structured format,study_notes
tell me test me on machine learning for practice,study_quiz
help me give me a brief overview of operating systems briefly,study_summary
give me the essential points in a few points,study_summary
help me give me practice questions on sql with answers,study_quiz
can you quiz me on computer architecture for revision,study_quiz
could you make revision notes for me,study_notes
can you quiz me on computer architecture for my exam,study_quiz
help me give me a brief revision guide in simple words,study_summary
tell me a joke please,generic
i want to know what is feature engineering,study_explain
i want to know explain sql joins in simple words,study_explain
test me on machine learning for practice,study_quiz
please explain primary keys and foreign keys step by step,study_explain
could you tell me prepare concise notes on python for revision,study_notes
tell me turn these paragraphs into notes for my exam,study_notes
help me find a restaurant nearby for me,generic
tell me make flashcards from this chapter for revision,study_flashcards
help me create an exam quiz for me for my exam,study_quiz
what is a linked list,study_explain
help me give me practice questions on sql for my exam,study_quiz
make a quick summary of this lesson in a few points,study_summary
i need to know explain cloud computing,study_explain
can you give me the essential points briefly,study_summary
can you tell me summarize the uploaded document concisely,study_summary
tell me test my understanding of operating systems,study_quiz
help me recommend a restaurant nearby when you can,generic
could you generate 20 questions about python for revision,study_quiz
can you tell me what is feature engineering in simple terms,study_explain
can you tell me turn my notes into study cards for my exam,study_flashcards
i need to know give me practice questions on sql for my exam,study_quiz
could you prepare concise notes on python in a structured format,study_notes
help me what is a linked list clearly,study_explain
i need to know give me a short revision of this lesson briefly,study_summary
help me what is trending on social media right now,generic
could you tell me give me practice questions on sql for revision,study_quiz
i need to know turn my study material into notes in concise form,study_notes
can you tell me turn my notes into study cards in simple language,study_flashcards
can you explain object oriented programming step by step,study_explain
tell me give me the chapter summary in short,study_summary
please what is feature engineering clearly,study_explain
can you make practice questions for this lesson with answers,study_quiz
could you summarize the uploaded document concisely,study_summary
can you tell me make flashcards for python concepts covering important concepts,study_flashcards
help me explain sql joins,study_explain
could you tell me create flashcards about operating systems for revision,study_flashcards
recommend a movie for the weekend for this evening,generic
explain overfitting in machine learning in simple words,study_explain
could you help me how is the weather today if possible,generic
please turn my notes into study cards for quick revision,study_flashcards
please explain overfitting in machine learning in an easy way,study_explain
please help me suggest a tv series for this evening,generic
please summarize the important formulas in simple words,study_summary
generate flashcards for revision with questions and answers,study_flashcards
please give me a brief revision guide briefly,study_summary
explain the software development life cycle,study_explain
can you what is a good book to read for fun today,generic
i need help to tell me a joke for me,generic
please what are the main ideas here,study_summary
i need to know make notes on object oriented programming with headings,study_notes
please prepare notes about cloud computing,study_notes
i need to know prepare quick revision cards in simple language,study_flashcards
could you tell me make notes about operating systems,study_notes
could you tell me test my knowledge of data structures for practice,study_quiz
can you make flashcards from this chapter for my exam,study_flashcards
help me generate questions for revision,study_quiz
please turn this study material into flashcards for revision,study_flashcards
please what is trending on social media,generic
help me explain sql joins clearly,study_explain
i want to know give me practice questions on sql with multiple choice options,study_quiz
can you generate practice mcqs with multiple choice options,study_quiz
i want to know prepare flashcards for my exam for quick revision,study_flashcards
please what are the main ideas here briefly,study_summary
i want to know create flashcards about operating systems for quick revision,study_flashcards
could you tell me what is inheritance in java in detail,study_explain
i need help to suggest a tv series today,generic
could you tell me generate revision notes in simple language,study_notes
could you tell me create flashcards about operating systems,study_flashcards
could you what is trending on social media today,generic
could you tell me quiz me on object oriented programming for practice,study_quiz
could you help me what is trending on social media if possible,generic
can you create notes on artificial intelligence,study_notes
i want to know generate questions for revision,study_quiz
tell me explain primary keys and foreign keys simply,study_explain
could you make notes about operating systems with headings,study_notes
tell me give me the chapter summary for my exam,study_summary
what is a linked list simply,study_explain
i want to know generate questions for revision with multiple choice options,study_quiz
please summarize the important formulas in short,study_summary
i want to recommend a restaurant nearby for this evening,generic
explain object oriented programming in an easy way,study_explain
please make revision notes for me for my exam,study_notes
help me summarize the important formulas for quick revision,study_summary
help me what can i do this weekend for this evening,generic
could you give me exam notes for this topic for my exam,study_notes
help me give me practice questions on sql with multiple choice options,study_quiz
help me make a quiz about computer networks,study_quiz
i want to know turn these paragraphs into notes in simple language,study_notes
could you summarize the important formulas concisely,study_summary
could you what is encapsulation clearly,study_explain
please reduce this content to important points in a few points,study_summary
can you recommend a good book to read for fun this weekend,generic
can you explain overfitting in machine learning in simple terms,study_explain
i want to know quiz me on computer architecture at beginner level,study_quiz
can you explain object oriented programming for beginners,study_explain
i need to know make revision flashcards in simple language,study_flashcards
i want to know give me a brief revision guide concisely,study_summary
i need to know make practice questions for this lesson,study_quiz
help me what can i do this weekend please,generic
could you generate practice mcqs with answers,study_quiz
help me generate 20 questions about python with multiple choice options,study_quiz
can you tell me prepare flashcards for my exam,study_flashcards
can you summarize the important formulas briefly,study_summary
please generate 20 questions about python with multiple choice options,study_quiz
help me suggest a movie for the weekend right now,generic
explain gradient descent,study_explain
i need to know explain primary keys and foreign keys in simple terms,study_explain
could you summarize the important formulas in a few points,study_summary
help me turn this chapter into flashcards for revision,study_flashcards
can you tell me generate questions for revision,study_quiz
tell me prepare flashcards for my exam for my exam,study_flashcards
i need to know quiz me on computer architecture with answers,study_quiz
help me make revision notes for me with headings,study_notes
could you turn this study material into flashcards for revision,study_flashcards
could you make flashcards for python concepts for quick revision,study_flashcards
i need to know give me the chapter summary,study_summary
please give me a brief revision guide concisely,study_summary
create an exam quiz for me with answers,study_quiz
could you explain cloud computing step by step,study_explain
please give me a simple dinner recipe for me,generic
help me suggest a movie for the weekend for this evening,generic
could you give me the chapter summary in short,study_summary
could you create notes about operating system deadlocks in concise form,study_notes
please explain primary keys and foreign keys,study_explain
i want to know explain object oriented programming in simple terms,study_explain
can you tell me give me the essential points in a few points,study_summary
help me prepare flashcards for my exam for revision,study_flashcards
help me suggest a tv series for this evening,generic
could you tell me create flashcards about operating systems for quick revision,study_flashcards
explain overfitting in machine learning in an easy way,study_explain
help me make a quick summary of this lesson in short,study_summary
could you suggest a movie for the weekend for me,generic
could you tell me create notes on artificial intelligence in a structured format,study_notes
could you give me exam notes for this topic in concise form,study_notes
could you generate practice mcqs for practice,study_quiz
tell me test me on machine learning,study_quiz
could you tell me what are the main ideas here for my exam,study_summary
i need to know what are the main ideas here concisely,study_summary
help me prepare quick revision cards with questions and answers,study_flashcards
could you help me help me write a birthday message right now,generic
please make this explanation shorter,study_summary
i want to know explain overfitting in machine learning in detail,study_explain
i want to know give me a brief revision guide in simple words,study_summary
i want to know explain cloud computing in simple words,study_explain
please test my knowledge of data structures for revision,study_quiz
tell me explain sql joins step by step,study_explain
i want to know generate practice mcqs,study_quiz
could you prepare quick revision cards with questions and answers,study_flashcards
i want to what can i do this weekend for me,generic
can you help me give me a simple dinner recipe when you can,generic
could you tell me create an exam quiz for me,study_quiz
i want to suggest a movie for the weekend for this evening,generic
can you tell me give me practice questions on sql with multiple choice options,study_quiz
help me make revision flashcards,study_flashcards
i want to know create notes on artificial intelligence for revision,study_notes
could you tell me explain overfitting in machine learning for beginners,study_explain
can you tell me test me on machine learning at intermediate level,study_quiz
summarize the important concepts,study_summary
could you turn this chapter into flashcards in simple language,study_flashcards
could you tell me reduce this content to important points for my exam,study_summary
tell me what is encapsulation in detail,study_explain
can you tell me turn this study material into flashcards,study_flashcards
summarize this article for studying in simple words,study_summary
tell me help me understand computer networks in simple terms,study_explain
please create notes about operating system deadlocks for revision,study_notes
could you help me suggest a tv series when you can,generic
can you help me what is a good book to read for fun right now,generic
could you tell me generate cards for important concepts for quick revision,study_flashcards
please tell me a joke when you can,generic
make notes about database management for my exam,study_notes
could you what are the main ideas here in a few points,study_summary
can you help me give me a simple dinner recipe please,generic
help me create notes on artificial intelligence in a structured format,study_notes
i need to know explain primary keys and foreign keys step by step,study_explain
could you summarize the important formulas briefly,study_summary
could you summarize the important formulas for quick revision,study_summary
tell me generate practice mcqs for revision,study_quiz
can you give me exam notes for this topic in concise form,study_notes
tell me what is a linked list clearly,study_explain
tell me make flashcards for python concepts,study_flashcards
recommend a restaurant nearby right now,generic
i need to know give me a brief overview of operating systems in short,study_summary
help me help me write a birthday message when you can,generic
i need to know summarize the uploaded document,study_summary
could you tell me turn my study material into notes in simple language,study_notes
can you explain object oriented programming with an example,study_explain
could you turn my notes into study cards in simple language,study_flashcards
could you test my understanding of operating systems at intermediate level,study_quiz
i want to know give me a brief revision guide briefly,study_summary
can you turn my study material into notes in concise form,study_notes
please help me what is a good book to read for fun this weekend,generic
i want to know turn this study material into flashcards covering important concepts,study_flashcards
could you make notes on object oriented programming,study_notes
can you tell me quiz me on object oriented programming at intermediate level,study_quiz
please what is encapsulation for beginners,study_explain
i want to know make a quick summary of this lesson for my exam,study_summary
turn my notes into study cards with questions and answers,study_flashcards
turn my notes into study cards for revision,study_flashcards
please give me the chapter summary briefly,study_summary
help me suggest a tv series right now,generic
can you what is trending on social media for me,generic
can you tell me turn this chapter into flashcards for revision,study_flashcards
i want to know turn these paragraphs into notes,study_notes
can you quiz me on computer architecture at beginner level,study_quiz
tell me turn this chapter into flashcards,study_flashcards
could you tell me prepare notes about cloud computing for my exam,study_notes
i need to know make revision notes for me for my exam,study_notes
can you tell me give me a brief revision guide in simple words,study_summary
make revision notes for me in a structured format,study_notes
i need to know test my understanding of operating systems,study_quiz
please quiz me on computer architecture for revision,study_quiz
could you give me the chapter summary concisely,study_summary
help me write a birthday message please,generic
can you make revision flashcards covering important concepts,study_flashcards
tell me test me on machine learning at intermediate level,study_quiz
help me summarize the uploaded document in simple words,study_summary
tell me what are the main ideas here in simple words,study_summary
could you explain sql joins in detail,study_explain
could you summarize this article for studying,study_summary
i want to know summarize this article for studying for quick revision,study_summary
i need to know make notes on object oriented programming in concise form,study_notes
can you tell me generate revision notes,study_notes
i need to know summarize the important formulas,study_summary
i want to suggest a movie for the weekend if possible,generic
please make this explanation shorter for my exam,study_summary
could you tell me prepare notes about cloud computing with important points,study_notes
generate revision notes in concise form,study_notes
please make this explanation shorter in short,study_summary
could you help me what is a good book to read for fun when you can,generic
tell me make revision notes for me for my exam,study_notes
can you tell me make revision notes for me in simple language,study_notes
could you tell me summarize the important formulas briefly,study_summary
i need to know turn my study material into notes with important points,study_notes
can you make a quiz about computer networks with answers,study_quiz
can you tell me turn my study material into notes for my exam,study_notes
can you tell me explain sql joins simply,study_explain
help me generate practice mcqs for practice,study_quiz
can you give me practice questions on sql at beginner level,study_quiz
please quiz me on computer architecture with answers,study_quiz
could you tell me explain sql joins in detail,study_explain
what is inheritance in java in simple terms,study_explain
give me some ideas for a tv series,generic
could you turn this study material into flashcards for my exam,study_flashcards
make revision notes for me for revision,study_notes
i want to know make flashcards from this chapter with questions and answers,study_flashcards
could you recommend a restaurant nearby if possible,generic
can you tell me create an exam quiz for me with multiple choice options,study_quiz
summarize the uploaded document briefly,study_summary
i need to know create flashcards from my notes for revision,study_flashcards
i need to know prepare flashcards for my exam in simple language,study_flashcards
create notes for this subject,study_notes
can you help me suggest a movie for the weekend for this evening,generic
tell me what is a linked list,study_explain
i want to know explain sql joins in simple terms,study_explain
tell me give me the chapter summary for quick revision,study_summary
i want to know quiz me on object oriented programming,study_quiz
can you suggest a tv series when you can,generic
could you tell me create notes on artificial intelligence for revision,study_notes
could you help me what is a good book to read for fun for me,generic
what is a good book to read for fun when you can,generic
tell me quiz me on object oriented programming with multiple choice options,study_quiz
tell me explain object oriented programming in detail,study_explain
can you tell me give me practice questions on sql with answers,study_quiz
please explain overfitting in machine learning in detail,study_explain
could you test my knowledge of data structures at intermediate level,study_quiz
could you tell me make this explanation shorter in short,study_summary
tell me test my knowledge of data structures at beginner level,study_quiz
could you prepare quick revision cards for revision,study_flashcards
help me create flashcards from my notes,study_flashcards
can you give me a brief overview of operating systems in simple words,study_summary
what is feature engineering in detail,study_explain
make flashcards for quick revision for my exam,study_flashcards
could you tell me give me exam notes for this topic for revision,study_notes
can you give me the essential points concisely,study_summary
tell me make flashcards for quick revision for my exam,study_flashcards
can you tell me make revision notes for me with important points,study_notes
please what is trending on social media if possible,generic
could you explain primary keys and foreign keys for beginners,study_explain
i need to know reduce this content to important points briefly,study_summary
can you tell me a joke for me,generic
prepare concise notes on python with important points,study_notes
could you tell me make revision notes for me for revision,study_notes
i want to know make flashcards for python concepts for revision,study_flashcards
tell me give me a short revision of this lesson in simple words,study_summary
make revision flashcards for my exam,study_flashcards
i want to help me write a birthday message today,generic
can you tell me explain sql joins in simple terms,study_explain
could you explain sql joins in simple words,study_explain
could you tell me generate revision notes with important points,study_notes
please help me suggest a tv series today,generic
i need to know make revision flashcards covering important concepts,study_flashcards
i want to know prepare quick revision cards for quick revision,study_flashcards
can you suggest a movie for the weekend,generic
i need to know make flashcards about computer networks for my exam,study_flashcards
can you tell me give me practice questions on sql for practice,study_quiz
could you tell me summarize the important formulas in simple words,study_summary
give me notes in simple language,study_notes
i need to know prepare notes about cloud computing with headings,study_notes
can you tell me explain sql joins clearly,study_explain
i want to know explain primary keys and foreign keys,study_explain
give me exam notes for this topic,study_notes
i need to know what is feature engineering clearly,study_explain
please help me what is trending on social media for this evening,generic
could you what can i do this weekend,generic
help me prepare quick revision cards for quick revision,study_flashcards
recommend a movie for the weekend if possible,generic
i need to know create flashcards from my notes with questions and answers,study_flashcards
tell me explain sql joins in simple terms,study_explain
help me prepare concise notes on python for revision,study_notes
could you tell me generate flashcards for revision with questions and answers,study_flashcards
can you help me suggest a tv series please,generic
help me create flashcards about operating systems covering important concepts,study_flashcards
i need to know make this explanation shorter for quick revision,study_summary
could you tell me test my understanding of operating systems at intermediate level,study_quiz
can you tell me make practice questions for this lesson with multiple choice options,study_quiz
tell me make this explanation shorter,study_summary
explain cloud computing,study_explain
what is polymorphism in Java,study_explain
can you turn this study material into flashcards covering important concepts,study_flashcards
could you tell me prepare flashcards for my exam for quick revision,study_flashcards
help me what is feature engineering for beginners,study_explain
please make flashcards for python concepts for my exam,study_flashcards
what is a great book to read for fun for this evening,generic
i need to know make flashcards from this chapter in simple language,study_flashcards
help me explain overfitting in machine learning step by step,study_explain
quiz me on computer architecture for revision,study_quiz
can you tell me make notes about database management,study_notes
could you tell me explain cloud computing in simple words,study_explain
i want to know what is a linked list in simple words,study_explain
can you tell me explain cloud computing step by step,study_explain
can you make a quiz about computer networks,study_quiz
can you suggest a restaurant nearby please,generic
can you help me suggest a tv series,generic
can you tell me test my understanding of operating systems with answers,study_quiz
help me make this explanation shorter in a few points,study_summary
tell me generate cards for important concepts for revision,study_flashcards
help me make notes on object oriented programming in simple language,study_notes
please help me write a birthday message if possible,generic
tell me turn this chapter into flashcards with questions and answers,study_flashcards
i want to know give me a short revision of this lesson in simple words,study_summary
i need to know explain cloud computing step by step,study_explain
can you generate cards for important concepts with questions and answers,study_flashcards
could you test me on machine learning with answers,study_quiz
could you turn this chapter into flashcards for quick revision,study_flashcards
make flashcards for python concepts,study_flashcards
please give me the chapter summary in simple words,study_summary
make a quick summary of this lesson for my exam,study_summary
i want to what can i do this weekend if possible,generic
i want to know prepare notes about cloud computing with important points,study_notes
explain overfitting in machine learning in detail,study_explain
what are the main ideas here concisely,study_summary
could you tell me give me a brief revision guide,study_summary
could you recommend a restaurant nearby this weekend,generic
i want to know prepare notes about cloud computing in a structured format,study_notes
could you make flashcards from this chapter with questions and answers,study_flashcards
help me generate questions for revision at intermediate level,study_quiz
please give me the chapter summary for quick revision,study_summary
help me make notes on object oriented programming for my exam,study_notes
i want to know test my knowledge of data structures for practice,study_quiz
i need to know create flashcards about operating systems for quick revision,study_flashcards
please help me understand computer networks clearly,study_explain
help me what is a good book to read for fun for this evening,generic
what is a great book to read for fun today,generic
can you tell me turn my study material into notes with headings,study_notes
please explain primary keys and foreign keys in simple words,study_explain
could you help me recommend a restaurant nearby right now,generic
help me write a birthday message when you can,generic
help me quiz me on object oriented programming for my exam,study_quiz
suggest a tv series for this evening,generic
suggest a tv series right now,generic
please explain object oriented programming for beginners,study_explain
can you help me recommend a restaurant nearby please,generic
help me quiz me on computer architecture at beginner level,study_quiz
i want to know make notes about database management for revision,study_notes
quiz me on object oriented programming with answers,study_quiz
i want to know generate flashcards for revision with questions and answers,study_flashcards
i want to know what is a linked list in simple terms,study_explain
i need to know prepare concise notes on python in a structured format,study_notes
can you quiz me on object oriented programming at intermediate level,study_quiz
i need to know generate questions for revision with answers,study_quiz
help me give me exam notes for this topic in a structured format,study_notes
i want to know explain overfitting in machine learning simply,study_explain
how can I make better coffee,generic
can you summarize the uploaded document briefly,study_summary
help me suggest a movie for the weekend please,generic
please what is trending on social media right now,generic
could you make flashcards about computer networks for revision,study_flashcards
i need to know give me practice questions on sql for revision,study_quiz
help me make notes on object oriented programming,study_notes
please turn these paragraphs into notes in concise form,study_notes
please summarize this article for studying for my exam,study_summary
can you help me what can i do this weekend right now,generic
could you turn my study material into notes for revision,study_notes
i need help to help me write a birthday message,generic
test my knowledge of data structures with answers,study_quiz
tell me make revision notes for me in concise form,study_notes
turn these paragraphs into notes for revision,study_notes
create flashcards about operating systems for my exam,study_flashcards
help me prepare notes about cloud computing with headings,study_notes
tell me make a quick summary of this lesson briefly,study_summary
can you test me on machine learning with answers,study_quiz
i want to know prepare concise notes on python,study_notes
i want to know make revision flashcards for revision,study_flashcards
quiz me on computer architecture at beginner level,study_quiz
tell me make flashcards about computer networks for quick revision,study_flashcards
give me exam notes for this topic for my exam,study_notes
help me suggest a tv series when you can,generic
please give me a simple dinner recipe when you can,generic
tell me what is inheritance in java for beginners,study_explain
please help me what is trending on social media when you can,generic
i want to know give me exam notes for this topic with headings,study_notes
could you test me on machine learning with multiple choice options,study_quiz
could you give me a brief revision guide in short,study_summary
can you summarize the important formulas,study_summary
help me give me a brief revision guide in a few points,study_summary
can you tell me explain object oriented programming simply,study_explain
can you test my understanding of operating systems at intermediate level,study_quiz
could you make flashcards for quick revision covering important concepts,study_flashcards
can you tell me give me a brief overview of operating systems,study_summary
can you explain object oriented programming in simple words,study_explain
please prepare quick revision cards for my exam,study_flashcards
i need to know give me a brief revision guide in a few points,study_summary
i want to know give me a brief overview of operating systems,study_summary
i want to know give me practice questions on sql at beginner level,study_quiz
prepare quick revision cards with questions and answers,study_flashcards
i want to know give me the essential points briefly,study_summary
tell me give me a brief overview of operating systems briefly,study_summary
i need to know explain sql joins with an example,study_explain
tell me create notes on artificial intelligence with important points,study_notes
please make notes about operating systems in a structured format,study_notes
i need to know explain sql joins clearly,study_explain
i need to know turn this study material into flashcards for quick revision,study_flashcards
could you summarize this article for studying in a few points,study_summary
can you tell me create notes on artificial intelligence in simple language,study_notes
please give me the chapter summary for my exam,study_summary
i need to know give me a brief overview of operating systems in a few points,study_summary
could you what is inheritance in java,study_explain
i want to recommend a restaurant nearby right now,generic
could you tell me turn this chapter into flashcards in simple language,study_flashcards
turn my notes into study cards,study_flashcards
can you make notes about operating systems with important points,study_notes
help me make this explanation shorter in short,study_summary
i need to know what is encapsulation in an easy way,study_explain
can you tell me make notes on object oriented programming in concise form,study_notes
can you what can i do this weekend when you can,generic
could you tell me generate questions for revision,study_quiz
can you suggest a good book to read for fun,generic
can you help me what is trending on social media this weekend,generic
tell me explain object oriented programming in simple words,study_explain
can you turn this chapter into flashcards,study_flashcards
i need help to what is trending on social media this weekend,generic
please help me suggest a movie for the weekend,generic
help me give me an mcq test for my exam,study_quiz
what is normalization in databases,study_explain
please recommend a restaurant nearby for me,generic
i want to know generate 20 questions about python for revision,study_quiz
i want to know test my understanding of operating systems at intermediate level,study_quiz
can you make a quick summary of this lesson in short,study_summary
can you tell me make revision notes for me in concise form,study_notes
i want to what is trending on social media today,generic
help me help me write a birthday message right now,generic
explain primary keys and foreign keys step by step,study_explain
could you make flashcards about computer networks in simple language,study_flashcards
could you tell me summarize the important formulas in short,study_summary
please help me suggest a tv series for me,generic
i want to know make a quiz about computer networks,study_quiz
help me make a quick summary of this lesson in simple words,study_summary
give me the essential points in short,study_summary
please prepare concise notes on python with headings,study_notes
can you make this explanation shorter briefly,study_summary
could you tell me give me the essential points in short,study_summary
i need to know generate questions for revision at intermediate level,study_quiz
could you prepare flashcards for my exam with questions and answers,study_flashcards
can you what is feature engineering in simple words,study_explain
could you tell me make flashcards about computer networks,study_flashcards
could you tell me give me a brief revision guide in simple words,study_summary
recommend a restaurant nearby when you can,generic
i need to know summarize this article for studying in short,study_summary
can you what is encapsulation step by step,study_explain
give me the chapter summary,study_summary
i want to recommend a restaurant nearby for me,generic
generate practice mcqs,study_quiz
help me test my knowledge of data structures at intermediate level,study_quiz
could you tell me create flashcards from my notes covering important concepts,study_flashcards
tell me generate 20 questions about python for revision,study_quiz
can you prepare concise notes on python in simple language,study_notes
help me generate revision notes,study_notes
tell me turn this chapter into flashcards for quick revision,study_flashcards
i want to know reduce this content to important points for my exam,study_summary
i want to know explain cloud computing in an easy way,study_explain
can you tell me explain object oriented programming in detail,study_explain
tell me test my knowledge of data structures for practice,study_quiz
could you what is trending on social media when you can,generic
please recommend a restaurant nearby today,generic
could you tell me explain overfitting in machine learning,study_explain
prepare quick revision cards in simple language,study_flashcards
i want to know create flashcards about operating systems in simple language,study_flashcards
help me help me understand computer networks for beginners,study_explain
tell me prepare quick revision cards with questions and answers,study_flashcards
could you tell me turn my notes into study cards with questions and answers,study_flashcards
help me create flashcards from my notes for revision,study_flashcards
help me what is feature engineering step by step,study_explain
help me explain overfitting in machine learning clearly,study_explain
i need help to suggest a movie for the weekend right now,generic
tell me give me a short revision of this lesson for quick revision,study_summary
help me turn my notes into study cards for my exam,study_flashcards
could you tell me summarize the uploaded document in a few points,study_summary
could you make a quiz about computer networks with multiple choice options,study_quiz
tell me reduce this content to important points in short,study_summary
i need to know give me a brief revision guide,study_summary
what is trending on social media for this evening,generic
please help me suggest a movie for the weekend today,generic
please turn this chapter into flashcards for my exam,study_flashcards
please test my understanding of operating systems at intermediate level,study_quiz
can you give me exam notes for this topic in a structured format,study_notes
help me summarize this article for studying in simple words,study_summary
i want to know what is feature engineering clearly,study_explain
can you tell me give me the chapter summary concisely,study_summary
i want to know make revision notes for me in simple language,study_notes
can you tell me create notes on artificial intelligence for my exam,study_notes
could you explain cloud computing clearly,study_explain
can you tell me help me understand computer networks in simple terms,study_explain
summarize the uploaded document,study_summary
can you what is encapsulation in an easy way,study_explain
could you test me on machine learning,study_quiz
can you tell me give me practice questions on sql for my exam,study_quiz
i need to know summarize the uploaded document briefly,study_summary
could you what is encapsulation in simple words,study_explain
what are the main ideas here in short,study_summary
please explain sql joins clearly,study_explain
i want to give me a simple dinner recipe for me,generic
could you explain sql joins,study_explain
please prepare concise notes on python for revision,study_notes
can you help me what is a good book to read for fun,generic
i need to know make flashcards for quick revision for revision,study_flashcards
create a summary for my exam,study_summary
i want to know what is inheritance in java in simple terms,study_explain
i want to know give me the essential points concisely,study_summary
please make this explanation shorter briefly,study_summary
tell me generate cards for important concepts for quick revision,study_flashcards
could you tell me make notes on object oriented programming in simple language,study_notes
generate 20 questions about Python,study_quiz
please generate questions for revision for practice,study_quiz
tell me explain overfitting in machine learning step by step,study_explain
please help me tell me a joke this weekend,generic
help me create an exam quiz for me for practice,study_quiz
give me the chapter summary in simple words,study_summary
i need help to recommend a restaurant nearby when you can,generic
i need to know turn this chapter into flashcards in simple language,study_flashcards
please explain primary keys and foreign keys clearly,study_explain
can you recommend a tv series if possible,generic
i need to know what is inheritance in java,study_explain
could you help me suggest a tv series,generic
can you explain primary keys and foreign keys step by step,study_explain
what is inheritance in java step by step,study_explain
could you tell me give me the essential points briefly,study_summary
could you tell me what are the main ideas here in simple words,study_summary
can you make flashcards about computer networks for quick revision,study_flashcards
can you give me the chapter summary for my exam,study_summary
could you tell me turn this chapter into flashcards covering important concepts,study_flashcards
i need help to what can i do this weekend right now,generic
could you generate revision notes with headings,study_notes
can you test my understanding of operating systems for revision,study_quiz
could you explain primary keys and foreign keys in detail,study_explain
please make notes about database management for revision,study_notes
can you give me a brief overview of operating systems briefly,study_summary
i want to know give me exam notes for this topic for my exam,study_notes
i want to know make flashcards about computer networks for revision,study_flashcards
tell me what are the main ideas here for my exam,study_summary
i need to know summarize this article for studying for my exam,study_summary
i want to know explain cloud computing with an example,study_explain
can you make practice questions for this lesson for revision,study_quiz
please give me the chapter summary in short,study_summary
quiz me on object oriented programming at beginner level,study_quiz
help me quiz me on computer architecture at intermediate level,study_quiz
tell me give me a brief overview of operating systems in short,study_summary
i need to know prepare flashcards for my exam for revision,study_flashcards
can you tell me quiz me on computer architecture,study_quiz
please create notes about operating system deadlocks,study_notes
i want to know make notes about database management for my exam,study_notes
can you help me give me a simple dinner recipe this weekend,generic
tell me explain primary keys and foreign keys step by step,study_explain
please suggest a movie for the weekend for me,generic
can you tell me turn my study material into notes,study_notes
help me make this explanation shorter briefly,study_summary
i need to know make flashcards from this chapter for my exam,study_flashcards
tell me create flashcards from my notes covering important concepts,study_flashcards
could you make notes on object oriented programming with headings,study_notes
give me the key points only,study_summary
tell me make flashcards about computer networks for revision,study_flashcards
please generate revision notes in concise form,study_notes
i need to know explain sql joins in detail,study_explain
help me test my knowledge of data structures with multiple choice options,study_quiz
could you tell me generate questions for revision with answers,study_quiz
i want to help me write a birthday message,generic
explain cloud computing in detail,study_explain
i want to know prepare flashcards for my exam,study_flashcards
please what is feature engineering simply,study_explain
can you test my knowledge of data structures with multiple choice options,study_quiz
give me a brief revision guide briefly,study_summary
could you tell me what is a linked list in simple words,study_explain
generate flashcards for machine learning,study_flashcards
can you suggest a good book to read for fun please,generic
please help me understand computer networks in detail,study_explain
tell me make notes about database management with important points,study_notes
make notes that I can revise from,study_notes
tell me test me on machine learning at beginner level,study_quiz
help me what is encapsulation clearly,study_explain
create flashcards about operating systems covering important concepts,study_flashcards
make revision notes for me for my exam,study_notes
please test my knowledge of data structures with answers,study_quiz
tell me what is a linked list with an example,study_explain
help me generate practice mcqs for revision,study_quiz
i need to know turn this study material into flashcards for my exam,study_flashcards
i need to know create notes for this chapter in a structured format,study_notes
can you make this explanation shorter in a few points,study_summary
can you help me write a birthday message today,generic
can you generate flashcards for revision with questions and answers,study_flashcards
help me make flashcards for quick revision,study_flashcards
generate revision notes with headings,study_notes
can you tell me generate 20 questions about python,study_quiz
make flashcards about computer networks for revision,study_flashcards
tell me what is encapsulation with an example,study_explain
i want to know explain cloud computing clearly,study_explain
i need to know generate cards for important concepts,study_flashcards
can you make flashcards from this chapter for quick revision,study_flashcards
could you make notes about database management with important points,study_notes
could you quiz me on object oriented programming for practice,study_quiz
could you what is inheritance in java simply,study_explain
i need to know give me an mcq test for practice,study_quiz
please generate revision notes,study_notes
i want to know turn my study material into notes for my exam,study_notes
could you give me a brief overview of operating systems for quick revision,study_summary
can you prepare quick revision cards,study_flashcards
how is the weather today,generic
i need to know give me a brief overview of operating systems for quick revision,study_summary
can you test my knowledge of data structures for practice,study_quiz
tell me what is encapsulation in simple words,study_explain
please make revision notes for me with headings,study_notes
could you explain overfitting in machine learning step by step,study_explain
could you help me suggest a tv series please,generic
please prepare notes about cloud computing with important points,study_notes
i need to know create notes on artificial intelligence in simple language,study_notes
i want to know summarize this article for studying concisely,study_summary
make detailed notes on Java inheritance,study_notes
i want to know give me exam notes for this topic in simple language,study_notes
can you recommend a restaurant nearby this weekend,generic
could you prepare quick revision cards for my exam,study_flashcards
i want to know help me understand computer networks in simple terms,study_explain
i need to know generate practice mcqs for practice,study_quiz
tell me prepare concise notes on python with important points,study_notes
i need to know make a quick summary of this lesson in a few points,study_summary
can you tell me prepare concise notes on python for my exam,study_notes
please make flashcards from this chapter for revision,study_flashcards
how does a stack work,study_explain
could you tell me help me understand computer networks clearly,study_explain
can you tell me make revision flashcards with questions and answers,study_flashcards
i need help to what is a good book to read for fun when you can,generic
i need to know turn this study material into flashcards,study_flashcards
help me explain overfitting in machine learning in simple terms,study_explain
can you tell me make notes on object oriented programming in a structured format,study_notes
tell me make practice questions for this lesson for revision,study_quiz
help me turn my notes into study cards,study_flashcards
can you give me a short revision of this lesson concisely,study_summary
tell me generate 20 questions about python for my exam,study_quiz
make flashcards for python concepts for quick revision,study_flashcards
tell me create flashcards from my notes for revision,study_flashcards
i need help to suggest a tv series for this evening,generic
help me explain overfitting in machine learning simply,study_explain
could you suggest a tv series if possible,generic
help me understand computer networks in detail,study_explain
i want to know prepare notes about cloud computing,study_notes
i want to how is the weather today today,generic
i need to know turn my notes into study cards for my exam,study_flashcards
i want to suggest a movie for the weekend,generic
please suggest a tv series when you can,generic
i want to know create flashcards about operating systems,study_flashcards
help me test my understanding of operating systems for revision,study_quiz
can you make flashcards for quick revision for revision,study_flashcards
prepare flashcards for my exam for revision,study_flashcards
can you what is encapsulation for beginners,study_explain
what can i do this weekend,generic
prepare concise notes on python for my exam,study_notes
give me a simple dinner recipe for me,generic
could you give me the essential points for quick revision,study_summary
make revision flashcards with questions and answers,study_flashcards
tell me reduce this content to important points,study_summary
can you create flashcards from my notes with questions and answers,study_flashcards
can you help me help me write a birthday message right now,generic
help me give me the chapter summary for quick revision,study_summary
please prepare quick revision cards with questions and answers,study_flashcards
can you make notes about operating systems in concise form,study_notes
could you tell me make this explanation shorter for my exam,study_summary
i need to know generate practice mcqs for revision,study_quiz
i need to know make revision notes for me with important points,study_notes
make a summary of this lesson,study_summary
i want to know make notes about operating systems in simple language,study_notes
can you tell me prepare notes about cloud computing in a structured format,study_notes
i want to know prepare quick revision cards with questions and answers,study_flashcards
could you tell me give me a brief overview of operating systems for my exam,study_summary
could you help me suggest a tv series for me,generic
make flashcards about computer networks for my exam,study_flashcards
please reduce this content to important points for quick revision,study_summary
i need to know make a quiz about computer networks with multiple choice options,study_quiz
i want to know summarize the uploaded document in short,study_summary
can you tell me give me a brief revision guide in a few points,study_summary
reduce this content to important points concisely,study_summary
tell me reduce this content to important points concisely,study_summary
what would be a good book to read for fun right now,generic
tell me make notes about operating systems with headings,study_notes
i need to know test me on machine learning at intermediate level,study_quiz
prepare concise notes on python in concise form,study_notes
what is a linked list in detail,study_explain
can you give me an mcq test with answers,study_quiz
create a test for my exam preparation,study_quiz
could you tell me make flashcards from this chapter for my exam,study_flashcards
can you tell me prepare concise notes on python with important points,study_notes
tell me make revision flashcards,study_flashcards
please create notes for this chapter with important points,study_notes
please what is feature engineering,study_explain
i want to what is trending on social media if possible,generic
i need to know what is inheritance in java for beginners,study_explain
can you tell me generate flashcards for revision for revision,study_flashcards
make revision notes for me in concise form,study_notes
can you tell me make a quiz about computer networks with answers,study_quiz
can you tell me prepare quick revision cards in simple language,study_flashcards
please help me what can i do this weekend when you can,generic
tell me a joke when you can,generic
could you help me what is a good book to read for fun today,generic
i want to know make a quiz about computer networks for revision,study_quiz
i need to know make flashcards for python concepts in simple language,study_flashcards
can you make a quiz about computer networks for practice,study_quiz
i need to know test me on machine learning for my exam,study_quiz
can you tell me create flashcards from my notes for my exam,study_flashcards
i need to know generate flashcards for revision,study_flashcards
test my knowledge of data structures for practice,study_quiz
please help me suggest a tv series this weekend,generic
could you tell me make practice questions for this lesson with multiple choice options,study_quiz
can you create notes about operating system deadlocks in simple language,study_notes
tell me explain primary keys and foreign keys in simple terms,study_explain
could you explain sql joins with an example,study_explain
can you help me suggest a movie for the weekend when you can,generic
can you tell me make notes about operating systems in simple language,study_notes
please explain overfitting in machine learning simply,study_explain
could you help me tell me a joke for me,generic
could you summarize this article for studying in simple words,study_summary
can you turn my study material into notes in a structured format,study_notes
please tell me a joke for me,generic
what should I cook for dinner,generic
help me recommend a restaurant nearby today,generic
create flashcards from my notes with questions and answers,study_flashcards
help me generate 20 questions about python for my exam,study_quiz
help me explain cloud computing,study_explain
could you tell me turn my notes into study cards for quick revision,study_flashcards
could you tell me make a quiz about computer networks at beginner level,study_quiz
tell me give me a brief overview of operating systems in simple words,study_summary
could you help me give me a simple dinner recipe right now,generic
could you tell me reduce this content to important points concisely,study_summary
i want to know make revision flashcards covering important concepts,study_flashcards
i want to know summarize this article for studying in simple words,study_summary
generate questions for revision at beginner level,study_quiz
tell me create notes about operating system deadlocks in a structured format,study_notes
help me tell me a joke for this evening,generic
can you what is feature engineering in simple terms,study_explain
turn my study material into notes in a structured format,study_notes
could you give me the chapter summary,study_summary
could you tell me generate cards for important concepts for revision,study_flashcards
can you make this explanation shorter,study_summary
summarize the important formulas briefly,study_summary
could you tell me prepare flashcards for my exam,study_flashcards
generate notes on computer networks,study_notes
create flashcards from my notes for my exam,study_flashcards
tell me give me exam notes for this topic with headings,study_notes
can you make flashcards for quick revision in simple language,study_flashcards
tell me what are the main ideas here briefly,study_summary
could you help me write a birthday message for this evening,generic
i want to know help me understand computer networks in simple words,study_explain
can you tell me give me the chapter summary in short,study_summary
help me make revision notes for me in simple language,study_notes
tell me give me a brief overview of operating systems for my exam,study_summary
help me prepare quick revision cards,study_flashcards
tell me give me a brief revision guide,study_summary
what is feature engineering in simple words,study_explain
i want to know explain primary keys and foreign keys with an example,study_explain
can you make a quick summary of this lesson,study_summary
tell me a joke for me,generic
i need to know what is feature engineering simply,study_explain
please turn these paragraphs into notes,study_notes
please help me what is trending on social media this weekend,generic
help me generate practice mcqs,study_quiz
please what is a good book to read for fun right now,generic
i want to know give me a brief revision guide for my exam,study_summary
please suggest a tv series this weekend,generic
tell me summarize the causes of world war 1 briefly,study_summary
can you tell me make notes about database management in a structured format,study_notes
please generate questions for revision with answers,study_quiz
create notes on artificial intelligence for revision,study_notes
help me write a birthday message this weekend,generic
help me give me a brief overview of operating systems for quick revision,study_summary
could you tell me generate revision notes with headings,study_notes
can you prepare flashcards for my exam with questions and answers,study_flashcards
can you help me what can i do this weekend for this evening,generic
i need to know make notes about operating systems in simple language,study_notes
i want to know create notes about operating system deadlocks with headings,study_notes
could you give me a simple dinner recipe right now,generic
can you tell me explain overfitting in machine learning in simple terms,study_explain
can you make revision notes for me,study_notes
generate 20 questions about python for revision,study_quiz
could you make revision notes for me in simple language,study_notes
help me turn this study material into flashcards for my exam,study_flashcards
please generate questions for revision for my exam,study_quiz
make flashcards for Python concepts,study_flashcards
can you make revision notes for me in a structured format,study_notes
i need to know make this explanation shorter for my exam,study_summary
i want to what is trending on social media for this evening,generic
please make notes about database management with headings,study_notes
please what is a good book to read for fun today,generic
i need to know generate cards for important concepts for my exam,study_flashcards
could you make flashcards for quick revision for quick revision,study_flashcards
quiz me on object oriented programming,study_quiz
tell me give me the essential points for quick revision,study_summary
can you give me a brief overview of operating systems concisely,study_summary
help me recommend a restaurant nearby,generic
tell me quiz me on object oriented programming,study_quiz
could you tell me make revision notes for me with important points,study_notes
i need help to tell me a joke please,generic
help me prepare quick revision cards in simple language,study_flashcards
could you make notes about database management with headings,study_notes
i need to know test my knowledge of data structures for my exam,study_quiz
can you tell me test me on machine learning,study_quiz
could you tell me create an exam quiz for me for practice,study_quiz
can you tell me test me on machine learning for revision,study_quiz
help me create an exam quiz for me with multiple choice options,study_quiz
please make flashcards for python concepts for quick revision,study_flashcards
i need help to suggest a movie for the weekend for me,generic
i need help to help me write a birthday message for this evening,generic
i need to know reduce this content to important points concisely,study_summary
could you summarize this article for studying in short,study_summary
please make flashcards from this chapter for quick revision,study_flashcards
can you what is trending on social media please,generic
can you prepare flashcards for my exam for quick revision,study_flashcards
please give me the chapter summary concisely,study_summary
please summarize the uploaded document,study_summary
i want to know prepare flashcards for my exam with questions and answers,study_flashcards
could you make notes about operating systems,study_notes
i want to know generate revision notes for my exam,study_notes
please explain primary keys and foreign keys in detail,study_explain
could you tell me what is feature engineering simply,study_explain
could you tell me explain sql joins,study_explain
can you tell me give me exam notes for this topic with important points,study_notes
what should I remember from this topic,study_summary
can you prepare concise notes on python with important points,study_notes
can you give me a brief revision guide concisely,study_summary
explain primary keys and foreign keys for beginners,study_explain
could you generate practice mcqs,study_quiz
could you tell me explain cloud computing in an easy way,study_explain
can you give me the essential points in short,study_summary
can you give me practice questions on sql with multiple choice options,study_quiz
can you what is trending on social media right now,generic
please explain overfitting in machine learning,study_explain
help me turn this chapter into flashcards for my exam,study_flashcards
can you tell me what is feature engineering in simple words,study_explain
can you help me what is a good book to read for fun when you can,generic
please prepare flashcards for my exam in simple language,study_flashcards
could you give me a short revision of this lesson in simple words,study_summary
could you help me help me write a birthday message today,generic
i need to know make practice questions for this lesson at beginner level,study_quiz
please what is trending on social media please,generic
i need to know create notes about operating system deadlocks,study_notes
give me a short revision of this lesson for quick revision,study_summary
please help me help me write a birthday message today,generic
turn this study material into flashcards,study_flashcards
can you tell me reduce this content to important points concisely,study_summary
can you summarize this article for studying for my exam,study_summary
turn my notes into study cards for my exam,study_flashcards
tell me summarize this article for studying in a few points,study_summary
tell me turn my notes into study cards for revision,study_flashcards
can you generate flashcards for revision for revision,study_flashcards
generate notes about SQL,study_notes
i need to know create flashcards about operating systems with questions and answers,study_flashcards
help me find a restaurant nearby today,generic
help me understand computer networks simply,study_explain
could you what is inheritance in java in detail,study_explain
could you prepare concise notes on python for my exam,study_notes
tell me make flashcards about computer networks in simple language,study_flashcards
can you tell me give me the chapter summary,study_summary
i need to know make notes about operating systems in a structured format,study_notes
help me give me a simple dinner recipe today,generic
can you tell me generate flashcards for revision with questions and answers,study_flashcards
tell me generate flashcards for revision with questions and answers,study_flashcards
i want to know make notes about operating systems in concise form,study_notes
could you tell me generate practice mcqs with multiple choice options,study_quiz
could you explain cloud computing for beginners,study_explain
i need help to give me a simple dinner recipe,generic
tell me summarize this article for studying in short,study_summary
help me make notes about operating systems for revision,study_notes
i need to know make notes about database management with headings,study_notes
could you tell me give me a brief overview of operating systems in simple words,study_summary
can you tell me explain primary keys and foreign keys in an easy way,study_explain
could you tell me turn my study material into notes with important points,study_notes
please make practice questions for this lesson with multiple choice options,study_quiz
can you tell me make flashcards for quick revision covering important concepts,study_flashcards
i need to know create flashcards about operating systems for revision,study_flashcards
help me make notes about database management for revision,study_notes
help me prepare flashcards for my exam with questions and answers,study_flashcards
please help me help me write a birthday message,generic
tell me give me a brief revision guide for my exam,study_summary
can you tell me give me exam notes for this topic in a structured format,study_notes
can you tell me explain sql joins,study_explain
tell me prepare concise notes on python with headings,study_notes
can you give me the essential points,study_summary
can you help me what can i do this weekend,generic
help me suggest a tv series this weekend,generic
i want to know reduce this content to important points briefly,study_summary
i need to know prepare concise notes on python for revision,study_notes
please turn these paragraphs into notes for my exam,study_notes
give me some ideas for a movie for the weekend for this evening,generic
what is feature engineering with an example,study_explain
please what is feature engineering in simple words,study_explain
help me generate flashcards for revision for revision,study_flashcards
could you summarize the uploaded document in short,study_summary
tell me explain object oriented programming clearly,study_explain
explain sql joins in simple words,study_explain
i want to know help me understand computer networks simply,study_explain
i need to know generate revision notes in simple language,study_notes
tell me give me a short revision of this lesson in short,study_summary
i need to know summarize the important formulas concisely,study_summary
please what is trending on social media this weekend,generic
i need to know make notes about database management for revision,study_notes
could you tell me make revision flashcards for quick revision,study_flashcards
i want to what is a good book to read for fun please,generic
help me turn these paragraphs into notes with headings,study_notes
i need to know give me a brief revision guide briefly,study_summary
help me what is encapsulation,study_explain
i need to know what is encapsulation in detail,study_explain
can you tell me give me exam notes for this topic in simple language,study_notes
make this explanation shorter in simple words,study_summary
make flashcards for python concepts with questions and answers,study_flashcards
could you help me give me a simple dinner recipe if possible,generic
please help me what is trending on social media if possible,generic
can you tell me help me understand computer networks with an example,study_explain
please what is a linked list in detail,study_explain
can you tell me help me understand computer networks in simple words,study_explain
please make a quick summary of this lesson in short,study_summary
help me what is a good book to read for fun if possible,generic
tell me create flashcards from my notes for quick revision,study_flashcards
please what is trending on social media for me,generic
make flashcards for DBMS,study_flashcards
help me make revision flashcards for revision,study_flashcards
can you explain cloud computing with an example,study_explain
make notes on object oriented programming in simple language,study_notes
can you turn my study material into notes with important points,study_notes
please make revision notes for me in concise form,study_notes
help me make revision notes for me with important points,study_notes
tell me generate 20 questions about python with answers,study_quiz
help me generate flashcards for revision in simple language,study_flashcards
could you tell me what is encapsulation clearly,study_explain
can you generate questions for revision,study_quiz
summarize the important formulas,study_summary
could you tell me generate 20 questions about python with answers,study_quiz
could you what is feature engineering for beginners,study_explain
could you test my understanding of operating systems,study_quiz
i need help to what can i do this weekend please,generic
i need to know turn this chapter into flashcards for revision,study_flashcards
can you tell me what is a linked list step by step,study_explain
could you tell me turn these paragraphs into notes in simple language,study_notes
i want to know give me a brief overview of operating systems for quick revision,study_summary
can you make notes on object oriented programming for my exam,study_notes
recommend a good podcast,generic
can you recommend a restaurant nearby today,generic
please make notes about operating systems for revision,study_notes
i want to what is a good book to read for fun,generic
help me prepare notes about cloud computing in concise form,study_notes
tell me reduce this content to important points briefly,study_summary
i need to know create notes about operating system deadlocks in a structured format,study_notes
what is inheritance in java in an easy way,study_explain
could you prepare concise notes on python with headings,study_notes
please generate revision notes for my exam,study_notes
i want to know prepare concise notes on python for revision,study_notes
i need to know make a quiz about computer networks with answers,study_quiz
please make practice questions for this lesson with answers,study_quiz
i need to know test me on machine learning,study_quiz
i want to know make flashcards from this chapter for my exam,study_flashcards
tell me make notes about database management in a structured format,study_notes
tell me generate flashcards for revision in simple language,study_flashcards
could you give me practice questions on sql for my exam,study_quiz
could you explain sql joins in an easy way,study_explain
help me understand computer networks with an example,study_explain
i need to know turn this study material into flashcards covering important concepts,study_flashcards
can you tell me what is inheritance in java simply,study_explain
i need to know make flashcards from this chapter,study_flashcards
i need to know quiz me on object oriented programming for revision,study_quiz
i need to know create an exam quiz for me for revision,study_quiz
could you create notes on artificial intelligence with headings,study_notes
i need help to give me a simple dinner recipe this weekend,generic
help me quiz me on object oriented programming for revision,study_quiz
quiz me on object oriented programming for my exam,study_quiz
help me what is inheritance in java with an example,study_explain
help me make flashcards from this chapter for revision,study_flashcards
could you tell me explain primary keys and foreign keys step by step,study_explain
tell me quiz me on object oriented programming for my exam,study_quiz
help me plan a date,generic
please make practice questions for this lesson at beginner level,study_quiz
please give me a brief overview of operating systems in short,study_summary
can you give me a short revision of this lesson for quick revision,study_summary
tell me test my knowledge of data structures for my exam,study_quiz
help me generate questions for revision at beginner level,study_quiz
make a quiz about computer networks for revision,study_quiz
i need help to what is trending on social media please,generic
please create flashcards about operating systems covering important concepts,study_flashcards
could you tell me explain object oriented programming in an easy way,study_explain
please create notes on artificial intelligence with headings,study_notes
make a quick summary of this lesson for quick revision,study_summary
create flashcards about networking,study_flashcards
can you give me practice questions on sql for revision,study_quiz
could you tell me turn my notes into study cards for my exam,study_flashcards
could you tell me test my knowledge of data structures for revision,study_quiz
help me give me a brief revision guide for quick revision,study_summary
can you help me understand computer networks in an easy way,study_explain
i want to what is a good book to read for fun today,generic
help me generate revision notes in concise form,study_notes
i need to know reduce this content to important points in a few points,study_summary
help me tell me a joke please,generic
help me prepare concise notes on python with important points,study_notes
please prepare notes about cloud computing for revision,study_notes
i want to know summarize the important formulas in short,study_summary
could you make a quiz about computer networks for practice,study_quiz
can you tell me what are the main ideas here concisely,study_summary
help me summarize the uploaded document,study_summary
generate revision notes,study_notes
can you prepare notes about cloud computing in simple language,study_notes
i want to know help me understand computer networks step by step,study_explain
can you help me help me write a birthday message for me,generic
can you make flashcards from this chapter with questions and answers,study_flashcards
please recommend a restaurant nearby this weekend,generic
i need help to recommend a restaurant nearby if possible,generic
please make a quiz about computer networks with multiple choice options,study_quiz
tell me summarize the important formulas for quick revision,study_summary
could you suggest a tv series please,generic
can you give me a simple dinner recipe if possible,generic
help me make notes on object oriented programming in concise form,study_notes
tell me explain primary keys and foreign keys in simple words,study_explain
please prepare notes about cloud computing in simple language,study_notes
tell me give me the chapter summary,study_summary
please help me what can i do this weekend this weekend,generic
can you explain overfitting in machine learning with an example,study_explain
i need help to help me write a birthday message for me,generic
please turn my study material into notes in simple language,study_notes
i want to know turn these paragraphs into notes in concise form,study_notes
can you tell me give me the essential points briefly,study_summary
i want to know what is inheritance in java with an example,study_explain
could you tell me make revision notes for me in concise form,study_notes
please what is feature engineering with an example,study_explain
what is inheritance in java in simple words,study_explain
could you help me what is trending on social media this weekend,generic
help me explain object oriented programming step by step,study_explain
can you prepare flashcards for my exam in simple language,study_flashcards
i need to know prepare notes about cloud computing with important points,study_notes
could you test my understanding of operating systems at beginner level,study_quiz
i want to know make flashcards for quick revision for my exam,study_flashcards
could you generate revision notes in simple language,study_notes
help me recommend a restaurant nearby right now,generic
test my understanding of operating systems for my exam,study_quiz
help me explain overfitting in machine learning in simple words,study_explain
turn my notes into study cards in simple language,study_flashcards
i need to know reduce this content to important points for quick revision,study_summary
i need to know what are the main ideas here in a few points,study_summary
give me recommendations for a restaurant nearby when you can,generic
tell me generate revision notes,study_notes
i need to know give me the essential points in simple words,study_summary
can you make flashcards for python concepts covering important concepts,study_flashcards
can you tell me explain overfitting in machine learning simply,study_explain
make notes about operating systems for my exam,study_notes
tell me make practice questions for this lesson for practice,study_quiz
please summarize the uploaded document for my exam,study_summary
help me give me a brief overview of operating systems in simple words,study_summary
please give me a brief overview of operating systems in a few points,study_summary
i want to tell me a joke this weekend,generic
could you tell me explain overfitting in machine learning clearly,study_explain
tell me make this explanation shorter in a few points,study_summary
could you tell me make notes on object oriented programming in a structured format,study_notes
please make flashcards about computer networks covering important concepts,study_flashcards
can you tell me test my knowledge of data structures for revision,study_quiz
i want to know test my knowledge of data structures,study_quiz
tell me test my knowledge of data structures with answers,study_quiz
tell me create notes on artificial intelligence,study_notes
could you tell me give me the chapter summary in simple words,study_summary
give me recommendations for a restaurant nearby,generic
can you tell me explain overfitting in machine learning step by step,study_explain
tell me turn this chapter into flashcards covering important concepts,study_flashcards
could you tell me summarize this article for studying in a few points,study_summary
could you tell me generate questions for revision at intermediate level,study_quiz
could you tell me summarize the important formulas for quick revision,study_summary
i want to know give me practice questions on sql at intermediate level,study_quiz
what is trending on social media when you can,generic
i want to know prepare concise notes on python in a structured format,study_notes
give me the essential points in simple words,study_summary
create notes on artificial intelligence with important points,study_notes
can you reduce this content to important points in simple words,study_summary
i want to know generate cards for important concepts for my exam,study_flashcards
can you give me exam notes for this topic with important points,study_notes
can you test my understanding of operating systems with multiple choice options,study_quiz
tell me make a quick summary of this lesson,study_summary
could you what is encapsulation in simple terms,study_explain
help me suggest a tv series today,generic
can you make notes about operating systems,study_notes
can you tell me make this explanation shorter for quick revision,study_summary
could you generate cards for important concepts covering important concepts,study_flashcards
please help me give me a simple dinner recipe when you can,generic
could you tell me quiz me on computer architecture with answers,study_quiz
make flashcards from this chapter covering important concepts,study_flashcards
can you make flashcards for python concepts for my exam,study_flashcards
please generate practice mcqs with multiple choice options,study_quiz
could you give me a brief overview of operating systems in a few points,study_summary
help me make practice questions for this lesson for my exam,study_quiz
could you make this explanation shorter in simple words,study_summary
can you tell me generate flashcards for revision,study_flashcards
i want to know make notes about operating systems for my exam,study_notes
quiz me on computer architecture at intermediate level,study_quiz
i want to know turn this chapter into flashcards for revision,study_flashcards
can you create notes about operating system deadlocks,study_notes
explain sql joins in simple terms,study_explain
i need to know make notes about operating systems in concise form,study_notes
could you make practice questions for this lesson for revision,study_quiz
tell me summarize the important formulas in a few points,study_summary
suggest a restaurant nearby when you can,generic
i need to know what is inheritance in java in an easy way,study_explain
tell me what is encapsulation for beginners,study_explain
can you tell me prepare quick revision cards for quick revision,study_flashcards
help me make notes about database management in concise form,study_notes
can you tell me explain overfitting in machine learning with an example,study_explain
i want to know make revision flashcards with questions and answers,study_flashcards
help me turn my notes into study cards for revision,study_flashcards
i need to know summarize the important formulas for my exam,study_summary
can you make this explanation shorter in simple words,study_summary
could you explain overfitting in machine learning for beginners,study_explain
help me give me exam notes for this topic in concise form,study_notes
please give me an mcq test for my exam,study_quiz
i want to know reduce this content to important points in a few points,study_summary
can you help me what is trending on social media for this evening,generic
please give me a short revision of this lesson in a few points,study_summary
can you tell me turn these paragraphs into notes in a structured format,study_notes
can you tell me make revision notes for me with headings,study_notes
can you tell me give me a brief revision guide,study_summary
tell me make a quick summary of this lesson concisely,study_summary
what is a linked list in simple terms,study_explain
can you summarize the uploaded document for quick revision,study_summary
can you tell me generate flashcards for revision for my exam,study_flashcards
could you make flashcards from this chapter for quick revision,study_flashcards
please help me what is a good book to read for fun please,generic
could you generate questions for revision with answers,study_quiz
could you tell me turn this chapter into flashcards for my exam,study_flashcards
could you tell me create flashcards from my notes for revision,study_flashcards
i want to know create an exam quiz for me at intermediate level,study_quiz
please summarize the uploaded document briefly,study_summary
please make a quiz about computer networks for practice,study_quiz
help me make flashcards for quick revision for my exam,study_flashcards
could you summarize the uploaded document for quick revision,study_summary
please tell me a joke for this evening,generic
can you generate revision notes for revision,study_notes
help me give me a short revision of this lesson concisely,study_summary
i need to know help me understand computer networks in simple terms,study_explain
help me test my knowledge of data structures for my exam,study_quiz
can you tell me explain primary keys and foreign keys step by step,study_explain
i want to know summarize this article for studying for my exam,study_summary
can you give me a simple dinner recipe,generic
help me help me understand computer networks in simple terms,study_explain
could you give me practice questions on sql at intermediate level,study_quiz
tell me generate practice mcqs at beginner level,study_quiz
help me what is encapsulation simply,study_explain
i need help to what is a good book to read for fun if possible,generic
could you tell me generate practice mcqs for revision,study_quiz
what is feature engineering,study_explain
please make revision flashcards,study_flashcards
explain the OSI model,study_explain
i need to know create an exam quiz for me with answers,study_quiz
could you prepare quick revision cards,study_flashcards
what is a linked list with an example,study_explain
could you what is feature engineering in detail,study_explain
test my knowledge of data structures,study_quiz
could you reduce this content to important points for my exam,study_summary
can you tell me test my knowledge of data structures,study_quiz
tell me give me a short revision of this lesson in a few points,study_summary
could you prepare notes about cloud computing,study_notes
what is trending on social media this weekend,generic
can you tell me test my understanding of operating systems at intermediate level,study_quiz
i want to know make notes about database management with important points,study_notes
tell me quiz me on computer architecture at intermediate level,study_quiz
generate cards for important concepts,study_flashcards
give me a short revision of this lesson briefly,study_summary
i need to know what is feature engineering in simple terms,study_explain
i want to know turn my study material into notes with headings,study_notes
i need to know turn these paragraphs into notes for revision,study_notes
can you make notes about operating systems for revision,study_notes
make this explanation shorter,study_summary
what is supervised learning,study_explain
could you tell me explain cloud computing for beginners,study_explain
help me give me a brief revision guide in short,study_summary
i need to know give me the chapter summary in short,study_summary
could you test my knowledge of data structures for my exam,study_quiz
help me tell me a joke for me,generic
please give me a brief overview of operating systems for my exam,study_summary
help me what is feature engineering in an easy way,study_explain
could you tell me turn this study material into flashcards with questions and answers,study_flashcards
help me generate practice mcqs with multiple choice options,study_quiz
what can i do this weekend if possible,generic
can you what is inheritance in java simply,study_explain
can you tell me create notes on artificial intelligence in a structured format,study_notes
i want to know quiz me on computer architecture at intermediate level,study_quiz
can you give me practice questions on sql at intermediate level,study_quiz
please test my understanding of operating systems for my exam,study_quiz
tell me generate 20 questions about python with multiple choice options,study_quiz
can you tell me make flashcards for python concepts,study_flashcards
tell me make notes on object oriented programming with important points,study_notes
can you tell me reduce this content to important points in a few points,study_summary
tell me generate practice mcqs at intermediate level,study_quiz
could you give me a simple dinner recipe for this evening,generic
can you recommend a movie for the weekend when you can,generic
can you tell me what is inheritance in java for beginners,study_explain
could you test my understanding of operating systems for revision,study_quiz
i need help to give me a simple dinner recipe right now,generic
tell me explain overfitting in machine learning in an easy way,study_explain
can you tell me quiz me on computer architecture for my exam,study_quiz
can you tell me what are the main ideas here in a few points,study_summary
could you tell me quiz me on computer architecture,study_quiz
can you tell me explain sql joins for beginners,study_explain
i need to know make notes on object oriented programming for my exam,study_notes
help me test me on machine learning for my exam,study_quiz
quiz me on computer architecture for practice,study_quiz
please test me on machine learning with answers,study_quiz
can you give me the essential points for my exam,study_summary
tell me make notes about operating systems for revision,study_notes
tell me prepare concise notes on python for my exam,study_notes
can you generate revision notes for my exam,study_notes
can you create notes about operating system deadlocks with headings,study_notes
tell me prepare flashcards for my exam in simple language,study_flashcards
i want to know give me a brief revision guide in a few points,study_summary
can you suggest a tv series this weekend,generic
i need to know make a quick summary of this lesson for quick revision,study_summary
could you tell me quiz me on computer architecture with multiple choice options,study_quiz
i want to suggest a tv series for me,generic
i want to know create notes on artificial intelligence with headings,study_notes
can you what is inheritance in java in simple words,study_explain
help me give me a simple dinner recipe for me,generic
i want to know make flashcards about computer networks for my exam,study_flashcards
i need to know generate flashcards for revision covering important concepts,study_flashcards
can you give me a brief overview of operating systems in a few points,study_summary
can you what is feature engineering in an easy way,study_explain
what is encapsulation simply,study_explain
i need to know turn this study material into flashcards with questions and answers,study_flashcards
give me a short revision of this lesson in simple words,study_summary
i want to know summarize the uploaded document,study_summary
tell me reduce this content to important points in simple words,study_summary
tell me make practice questions for this lesson with multiple choice options,study_quiz
could you make notes about database management in a structured format,study_notes
could you make notes about database management,study_notes
can you make a quick summary of this lesson in a few points,study_summary
can you tell me summarize the important formulas concisely,study_summary
can you tell me give me a short revision of this lesson in short,study_summary
give me exam notes for this topic with important points,study_notes
could you tell me give me exam notes for this topic in concise form,study_notes
i want to know turn this study material into flashcards for revision,study_flashcards
i need to know generate 20 questions about python at beginner level,study_quiz
help me give me an mcq test at beginner level,study_quiz
i need to know make flashcards about computer networks covering important concepts,study_flashcards
help me what is a linked list for beginners,study_explain
help me give me the chapter summary in a few points,study_summary
i want to know what is inheritance in java in an easy way,study_explain
could you what is inheritance in java for beginners,study_explain
i want to know help me understand computer networks,study_explain
can you explain sql joins for beginners,study_explain
help me explain object oriented programming,study_explain
make notes about database management in concise form,study_notes
tell me help me understand computer networks,study_explain
can you what are the main ideas here in short,study_summary
can you help me what is a good book to read for fun please,generic
i want to know make practice questions for this lesson with answers,study_quiz
i need to know turn this study material into flashcards for revision,study_flashcards
please help me tell me a joke for me,generic
i want to know make a quick summary of this lesson,study_summary
could you turn my study material into notes in simple language,study_notes
turn this study material into flashcards covering important concepts,study_flashcards
can you tell me make revision notes for me for revision,study_notes
could you prepare notes about cloud computing in simple language,study_notes
could you tell me generate cards for important concepts for my exam,study_flashcards
test me on machine learning,study_quiz
can you give me the chapter summary for quick revision,study_summary
could you tell me make notes about operating systems with headings,study_notes
i need to know prepare notes about cloud computing for my exam,study_notes
could you make revision notes for me with important points,study_notes
i need to know what is a linked list simply,study_explain
tell me make a quiz about computer networks at intermediate level,study_quiz
please suggest a tv series today,generic
can you create notes on artificial intelligence with important points,study_notes
please generate flashcards for revision covering important concepts,study_flashcards
can you make flashcards about computer networks covering important concepts,study_flashcards
help me prepare quick revision cards for revision,study_flashcards
i need to know make practice questions for this lesson for practice,study_quiz
please explain object oriented programming in simple terms,study_explain
i want to know summarize the important formulas in a few points,study_summary
how does a neural network work,study_explain
can you give me practice questions on sql for my exam,study_quiz
could you tell me make practice questions for this lesson at beginner level,study_quiz
could you generate revision notes in a structured format,study_notes
can you suggest a restaurant nearby right now,generic
help me test my knowledge of data structures for revision,study_quiz
can you tell me a joke,generic
help me make this explanation shorter for my exam,study_summary
suggest a movie for the weekend please,generic
i need to know make revision notes for me with headings,study_notes
i need to know give me a brief overview of operating systems for my exam,study_summary
could you create an exam quiz for me with multiple choice options,study_quiz
could you help me tell me a joke today,generic
could you what is trending on social media please,generic
could you what is feature engineering in an easy way,study_explain
please make flashcards for quick revision for revision,study_flashcards
please make revision flashcards covering important concepts,study_flashcards
please make flashcards for python concepts for revision,study_flashcards
can you tell me generate practice mcqs,study_quiz
please help me how is the weather today this weekend,generic
create flashcards for operating system concepts,study_flashcards
could you turn my study material into notes,study_notes
help me make notes about database management in simple language,study_notes
tell me prepare notes about cloud computing in concise form,study_notes
give me a simple dinner recipe this weekend,generic
what is encapsulation for beginners,study_explain
can you tell me explain object oriented programming step by step,study_explain
could you generate flashcards for revision covering important concepts,study_flashcards
help me make flashcards for python concepts covering important concepts,study_flashcards
could you tell me give me exam notes for this topic for my exam,study_notes
can you tell me explain object oriented programming,study_explain
can you tell me create notes on artificial intelligence with headings,study_notes
tell me make revision flashcards for my exam,study_flashcards
i want to give me a simple dinner recipe right now,generic
help me make revision flashcards in simple language,study_flashcards
can you tell me make notes about database management in concise form,study_notes
give me exam notes for this topic in simple language,study_notes
could you tell me quiz me on computer architecture at intermediate level,study_quiz
please help me give me a simple dinner recipe please,generic
i need to know help me understand computer networks,study_explain
i want to know make flashcards for python concepts for my exam,study_flashcards
i need to know create notes on artificial intelligence,study_notes
i want to what can i do this weekend please,generic
could you tell me summarize this article for studying in short,study_summary
can you quiz me on object oriented programming with answers,study_quiz
can you summarize the causes of world war 1 in a few points,study_summary
could you tell me quiz me on object oriented programming,study_quiz
i want to know make flashcards for quick revision for quick revision,study_flashcards
could you help me understand computer networks step by step,study_explain
could you tell me summarize this article for studying for my exam,study_summary
can you help me help me write a birthday message today,generic
help me explain object oriented programming in simple words,study_explain
give me notes on machine learning,study_notes
can you give me a brief overview of operating systems,study_summary
what would be a good book to read for fun for this evening,generic
i want to know explain object oriented programming,study_explain
could you create an exam quiz for me,study_quiz
i want to know create an exam quiz for me at beginner level,study_quiz
can you tell me help me understand computer networks in an easy way,study_explain
can you explain object oriented programming simply,study_explain
i need to know prepare concise notes on python for my exam,study_notes
can you test me on machine learning for my exam,study_quiz
help me explain cloud computing simply,study_explain
can you tell me summarize this article for studying concisely,study_summary
could you turn these paragraphs into notes,study_notes
please test me on machine learning for revision,study_quiz
can you generate questions for revision for my exam,study_quiz
can you tell me create notes on artificial intelligence for revision,study_notes
please give me practice questions on sql,study_quiz
please help me recommend a restaurant nearby today,generic
help me make practice questions for this lesson with answers,study_quiz
make notes on object oriented programming with important points,study_notes
i want to know prepare concise notes on python with important points,study_notes
i need to know prepare quick revision cards for my exam,study_flashcards
can you explain cloud computing in detail,study_explain
i need to know make a quick summary of this lesson,study_summary
i want to know summarize the important formulas for quick revision,study_summary
could you give me the chapter summary briefly,study_summary
i need help to help me write a birthday message if possible,generic
summarize the uploaded document for quick revision,study_summary
give me a short revision of this lesson in a few points,study_summary
tell me summarize the important formulas in short,study_summary
generate practice mcqs at intermediate level,study_quiz
please create notes for this chapter in simple language,study_notes
could you tell me make flashcards for python concepts for quick revision,study_flashcards
i need to know turn these paragraphs into notes in concise form,study_notes
i want to know explain primary keys and foreign keys in an easy way,study_explain
help me generate 20 questions about python with answers,study_quiz
explain recursion in simple terms,study_explain
could you explain overfitting in machine learning in detail,study_explain
please explain sql joins in an easy way,study_explain
can you suggest a good book to read for fun today,generic
what is feature engineering in an easy way,study_explain
i want to know give me a short revision of this lesson for quick revision,study_summary
please suggest a tv series if possible,generic
could you generate cards for important concepts for revision,study_flashcards
could you tell me what are the main ideas here in a few points,study_summary
i want to know make a quick summary of this lesson in simple words,study_summary
please give me the essential points in simple words,study_summary
turn these paragraphs into notes in a structured format,study_notes
help me understand computer networks,study_explain
make notes from this chapter,study_notes
tell me test my understanding of operating systems for my exam,study_quiz
help me give me a brief revision guide concisely,study_summary
can you tell me help me understand computer networks clearly,study_explain
could you make flashcards for quick revision for my exam,study_flashcards
can you tell me make flashcards from this chapter covering important concepts,study_flashcards
please suggest a tv series,generic
please what is a linked list step by step,study_explain
please what is a linked list in an easy way,study_explain
i need to know what is a linked list step by step,study_explain
please prepare concise notes on python,study_notes
can you turn this study material into flashcards for revision,study_flashcards
how does a compiler work,study_explain
tell me summarize the important formulas for my exam,study_summary
can you recommend a restaurant nearby right now,generic
i want to know explain cloud computing,study_explain
i need to know help me understand computer networks for beginners,study_explain
could you help me what is trending on social media when you can,generic
can you create flashcards about sql for my exam,study_flashcards
could you test my knowledge of data structures with answers,study_quiz
can you tell me explain cloud computing in detail,study_explain
help me give me the chapter summary concisely,study_summary
i need to know what is inheritance in java with an example,study_explain
i want to tell me a joke for this evening,generic
please test me on machine learning for my exam,study_quiz
tell me what is inheritance in java in simple terms,study_explain
could you explain object oriented programming in an easy way,study_explain
help me generate 20 questions about python,study_quiz
can you tell me explain primary keys and foreign keys in simple terms,study_explain
could you tell me explain primary keys and foreign keys,study_explain
can you tell me give me exam notes for this topic for my exam,study_notes
make flashcards from this chapter for my exam,study_flashcards
could you make flashcards for quick revision with questions and answers,study_flashcards
i want to know make this explanation shorter in simple words,study_summary
could you prepare notes about cloud computing for revision,study_notes
could you prepare concise notes on python with important points,study_notes
could you tell me help me understand computer networks in detail,study_explain
please what is trending on social media today,generic
can you make revision flashcards for revision,study_flashcards
please explain overfitting in machine learning in simple words,study_explain
could you tell me quiz me on computer architecture at beginner level,study_quiz
can you tell me generate 20 questions about python for my exam,study_quiz
could you tell me explain sql joins for beginners,study_explain
could you tell me make flashcards about computer networks with questions and answers,study_flashcards
recommend a restaurant nearby for me,generic
could you what can i do this weekend today,generic
can you tell me generate questions for revision at beginner level,study_quiz
could you generate revision notes for my exam,study_notes
could you turn my study material into notes in concise form,study_notes
what are the main ideas here in a few points,study_summary
please generate 20 questions about python for practice,study_quiz
can you create flashcards about operating systems covering important concepts,study_flashcards
tell me give me practice questions on sql for my exam,study_quiz
i want to know make flashcards about computer networks for quick revision,study_flashcards
could you what is trending on social media for me,generic
please make flashcards about computer networks,study_flashcards
prepare notes about cloud computing with headings,study_notes
could you tell me summarize the uploaded document concisely,study_summary
can you tell me turn these paragraphs into notes in simple language,study_notes
give me exam notes for this topic with headings,study_notes
could you help me tell me a joke this weekend,generic
can you make practice questions for this lesson,study_quiz
could you tell me summarize the uploaded document in short,study_summary
help me give me a simple dinner recipe for this evening,generic
can you summarize this article for studying,study_summary
please what is feature engineering in detail,study_explain
i need to know prepare quick revision cards for revision,study_flashcards
help me turn these paragraphs into notes with important points,study_notes
tell me test my knowledge of data structures for revision,study_quiz
i want to know turn this study material into flashcards for my exam,study_flashcards
can you tell me a joke please,generic
please create an exam quiz for me for practice,study_quiz
i want to know give me a brief overview of operating systems for my exam,study_summary
give me a simple dinner recipe when you can,generic
help me summarize the important formulas briefly,study_summary
can you tell me turn this study material into flashcards covering important concepts,study_flashcards
can you tell me turn my study material into notes in simple language,study_notes
please what are the main ideas here for my exam,study_summary
could you tell me what are the main ideas here for quick revision,study_summary
i want to know turn my study material into notes for revision,study_notes
what would be a good book to read for fun this weekend,generic
help me generate revision notes for revision,study_notes
could you what is feature engineering with an example,study_explain
help me generate questions for revision for revision,study_quiz
could you tell me explain cloud computing in detail,study_explain
create an exam quiz for me for practice,study_quiz
can you tell me what is a linked list in an easy way,study_explain
could you prepare flashcards for my exam in simple language,study_flashcards
can you what is feature engineering in detail,study_explain
could you give me the chapter summary for quick revision,study_summary
could you summarize the important formulas in short,study_summary
please turn my study material into notes for my exam,study_notes
tell me what is a linked list for beginners,study_explain
could you tell me what is feature engineering,study_explain
can you help me help me write a birthday message if possible,generic
please test my knowledge of data structures at intermediate level,study_quiz
can you tell me generate questions for revision for practice,study_quiz
i want to know make a quick summary of this lesson for quick revision,study_summary
i want to what is a good book to read for fun when you can,generic
could you prepare quick revision cards in simple language,study_flashcards
could you tell me give me the chapter summary briefly,study_summary
could you tell me what is feature engineering clearly,study_explain
could you suggest a movie for the weekend right now,generic
i need to know prepare concise notes on python with important points,study_notes
could you what can i do this weekend this weekend,generic
what is a good book to read for fun this weekend,generic
can you tell me make practice questions for this lesson at intermediate level,study_quiz
what is a good book to read for fun today,generic
help me turn this chapter into flashcards,study_flashcards
can you summarize the important formulas for quick revision,study_summary
please generate cards for important concepts for quick revision,study_flashcards
please help me how is the weather today right now,generic
i want to help me write a birthday message for this evening,generic
can you tell me what is inheritance in java in simple words,study_explain
please make notes on object oriented programming with important points,study_notes
could you how is the weather today right now,generic
tell me make flashcards from this chapter for my exam,study_flashcards
help me make flashcards about computer networks,study_flashcards
help me turn my study material into notes for revision,study_notes
can you make notes about database management with important points,study_notes
tell me explain sql joins simply,study_explain
could you tell me turn my study material into notes in concise form,study_notes
i want to recommend a restaurant nearby this weekend,generic
could you prepare notes about cloud computing with important points,study_notes
tell me what are the main ideas here,study_summary
can you what is a linked list in simple words,study_explain
can you reduce this content to important points for my exam,study_summary
could you tell me summarize this article for studying concisely,study_summary
i want to know make notes about operating systems with headings,study_notes
create question and answer cards,study_flashcards
could you tell me generate practice mcqs for my exam,study_quiz
can you help me suggest a movie for the weekend please,generic
i want to know give me the chapter summary in short,study_summary
i need help to what is trending on social media when you can,generic
please quiz me on object oriented programming at beginner level,study_quiz
can you make this explanation shorter in short,study_summary
i want to know summarize the uploaded document in simple words,study_summary
i want to know reduce this content to important points for quick revision,study_summary
could you what can i do this weekend if possible,generic
please help me write a birthday message,generic
please turn my notes into study cards in simple language,study_flashcards
please make flashcards about computer networks in simple language,study_flashcards
i want to give me a simple dinner recipe today,generic
summarize the important formulas in simple words,study_summary
i need to know what is encapsulation with an example,study_explain
i need to know quiz me on computer architecture for practice,study_quiz
i need to know what is feature engineering in detail,study_explain
could you make revision notes for me in a structured format,study_notes
can you help me tell me a joke if possible,generic
could you help me suggest a movie for the weekend for me,generic
i need to know what is feature engineering step by step,study_explain
can you tell me create flashcards from my notes with questions and answers,study_flashcards
can you make revision notes for me in simple language,study_notes
i want to know summarize the important formulas briefly,study_summary
help me understand computer networks for beginners,study_explain
please help me suggest a movie for the weekend please,generic
can you help me what is a good book to read for fun this weekend,generic
tell me give me a brief revision guide in short,study_summary
i need help to what can i do this weekend when you can,generic
i want to know quiz me on object oriented programming at beginner level,study_quiz
help me tell me a joke when you can,generic
i need to know give me exam notes for this topic in a structured format,study_notes
could you test me on machine learning for practice,study_quiz
can you tell me turn this chapter into flashcards,study_flashcards
i need to know explain primary keys and foreign keys clearly,study_explain
please what can i do this weekend if possible,generic
help me make flashcards about computer networks covering important concepts,study_flashcards
generate revision notes with important points,study_notes
can you generate 20 questions about python at beginner level,study_quiz
explain primary keys and foreign keys simply,study_explain
can you quiz me on computer architecture with answers,study_quiz
could you create flashcards from my notes for revision,study_flashcards
how is the weather today for me,generic
i need to know generate 20 questions about python with answers,study_quiz
could you help me write a birthday message for me,generic
i want to know reduce this content to important points concisely,study_summary
i want to know make flashcards from this chapter for quick revision,study_flashcards
could you help me help me write a birthday message please,generic
please quiz me on computer architecture at beginner level,study_quiz
can you make flashcards about computer networks for my exam,study_flashcards
please prepare quick revision cards for quick revision,study_flashcards
help me what is inheritance in java clearly,study_explain
could you tell me give me a brief overview of operating systems for quick revision,study_summary
can you give me a simple dinner recipe when you can,generic
give me recommendations for a restaurant nearby please,generic
tell me make revision notes for me in a structured format,study_notes
could you make practice questions for this lesson for my exam,study_quiz
help me turn this chapter into flashcards in simple language,study_flashcards
please summarize this article for studying in simple words,study_summary
tell me explain overfitting in machine learning clearly,study_explain
i need help to what is trending on social media for this evening,generic
i want to know create notes about operating system deadlocks for my exam,study_notes
give me 10 MCQs on DBMS,study_quiz
can you create flashcards from my notes in simple language,study_flashcards
what is a great book to read for fun for me,generic
help me turn my study material into notes with headings,study_notes
create an exam quiz for me with multiple choice options,study_quiz
tell me generate 20 questions about python for practice,study_quiz
prepare concise notes on python with headings,study_notes
i need help to recommend a restaurant nearby this weekend,generic
recommend a tv series today,generic
can you tell me summarize the uploaded document in short,study_summary
can you make a quick summary of this lesson briefly,study_summary
i want to know what are the main ideas here briefly,study_summary
can you help me tell me a joke for this evening,generic
tell me explain sql joins in detail,study_explain
tell me explain sql joins in an easy way,study_explain
prepare concise notes on python,study_notes
could you create notes about operating system deadlocks in a structured format,study_notes
i need to know create flashcards about operating systems for my exam,study_flashcards
i want to know make notes about database management,study_notes
help me what can i do this weekend for me,generic
can you create flashcards about operating systems for my exam,study_flashcards
i need to know prepare concise notes on python with headings,study_notes
help me help me write a birthday message please,generic
can you tell me what are the main ideas here briefly,study_summary
can you tell me make notes about operating systems with important points,study_notes
help me what is feature engineering clearly,study_explain
suggest a tv series when you can,generic
can you help me what is a good book to read for fun for me,generic
can you tell me prepare concise notes on python with headings,study_notes
tell me turn my study material into notes in a structured format,study_notes
i need to know quiz me on computer architecture for revision,study_quiz
explain primary keys and foreign keys in detail,study_explain
could you create notes on artificial intelligence in concise form,study_notes
i need to know summarize the causes of world war 1 briefly,study_summary
could you explain primary keys and foreign keys simply,study_explain
i want to tell me a joke if possible,generic
could you help me what can i do this weekend if possible,generic
could you quiz me on computer architecture for practice,study_quiz
i need to know what is inheritance in java in simple words,study_explain
i need to know explain object oriented programming with an example,study_explain
can you turn my study material into notes,study_notes
please make notes about operating systems in simple language,study_notes
suggest a tv series,generic
i want to know prepare concise notes on python in concise form,study_notes
i need to know give me the chapter summary in a few points,study_summary
can you tell me make practice questions for this lesson at beginner level,study_quiz
can you tell me make practice questions for this lesson for practice,study_quiz
i need to know generate practice mcqs,study_quiz
recommend a song for a road trip,generic
i need to know generate questions for revision with multiple choice options,study_quiz
i want to know give me exam notes for this topic,study_notes
i need to know summarize this article for studying in a few points,study_summary
prepare notes on the OSI model,study_notes
make a quick summary of this lesson in simple words,study_summary
can you generate revision notes with headings,study_notes
i want to know generate revision notes with important points,study_notes
tell me make notes about operating systems,study_notes
i need to know test me on machine learning with multiple choice options,study_quiz
can you tell me explain primary keys and foreign keys,study_explain
could you quiz me on computer architecture with multiple choice options,study_quiz
please generate cards for important concepts,study_flashcards
i want to what can i do this weekend today,generic
please summarize this article for studying in a few points,study_summary
could you make a quiz about computer networks at intermediate level,study_quiz
recommend a movie for the weekend,generic
i need to know summarize the uploaded document concisely,study_summary
help me what is encapsulation in detail,study_explain
can you tell me generate revision notes in a structured format,study_notes
create notes on software engineering,study_notes
i want to know turn my notes into study cards for quick revision,study_flashcards
can you create flashcards about operating systems for revision,study_flashcards
can you create notes on artificial intelligence in concise form,study_notes
can you summarize the uploaded document in a few points,study_summary
could you tell me a joke when you can,generic
could you help me suggest a movie for the weekend this weekend,generic
generate cards for important concepts for quick revision,study_flashcards
can you tell me make flashcards about computer networks for revision,study_flashcards
i need help to suggest a tv series if possible,generic
generate revision notes in simple language,study_notes
i want to recommend a restaurant nearby please,generic
i need help to recommend a restaurant nearby today,generic
i want to know create flashcards from my notes covering important concepts,study_flashcards
test me on machine learning with multiple choice options,study_quiz
could you help me recommend a restaurant nearby if possible,generic
can you make flashcards for quick revision with questions and answers,study_flashcards
please what is trending on social media when you can,generic
i want to what is trending on social media,generic
please what is encapsulation in an easy way,study_explain
can you tell me help me understand computer networks for beginners,study_explain
give me a brief revision guide in short,study_summary
help me what is a good book to read for fun for me,generic
can you make flashcards for python concepts,study_flashcards
can you tell me what is a linked list,study_explain
can you generate cards for important concepts for quick revision,study_flashcards
please help me what can i do this weekend for this evening,generic
could you tell me explain object oriented programming with an example,study_explain
could you tell me make notes about operating systems in a structured format,study_notes
please help me understand computer networks in simple terms,study_explain
can you create notes on artificial intelligence in simple language,study_notes
i need to know make flashcards about computer networks for quick revision,study_flashcards
i need to know what is feature engineering in simple words,study_explain
help me what are the main ideas here in short,study_summary
can you tell me generate cards for important concepts for revision,study_flashcards
help me reduce this content to important points for my exam,study_summary
i need to know explain overfitting in machine learning in simple terms,study_explain
please give me a brief overview of operating systems,study_summary
i need to know explain cloud computing in detail,study_explain
suggest a movie for the weekend,generic
i want to know what is feature engineering for beginners,study_explain
please create flashcards from my notes in simple language,study_flashcards
please give me a simple dinner recipe for this evening,generic
i need to know turn my study material into notes in a structured format,study_notes
i want to know create flashcards about operating systems for revision,study_flashcards
i want to know generate cards for important concepts for quick revision,study_flashcards
could you turn my study material into notes with headings,study_notes
summarize this article for studying in a few points,study_summary
please generate revision notes with headings,study_notes
can you tell me make notes on object oriented programming with headings,study_notes
tell me turn my notes into study cards for quick revision,study_flashcards
could you give me the chapter summary in a few points,study_summary
give me the chapter summary concisely,study_summary
can you recommend a movie for the weekend for me,generic
could you create flashcards about operating systems,study_flashcards
tell me turn these paragraphs into notes in simple language,study_notes
could you create an exam quiz for me at intermediate level,study_quiz
i need to know test my knowledge of data structures,study_quiz
explain overfitting in machine learning in simple terms,study_explain
help me turn my notes into study cards with questions and answers,study_flashcards
could you give me practice questions on sql at beginner level,study_quiz
can you tell me explain object oriented programming in simple words,study_explain
could you tell me prepare flashcards for my exam covering important concepts,study_flashcards
can you turn my study material into notes for revision,study_notes
i need to know make flashcards about computer networks,study_flashcards
i want to know generate practice mcqs at intermediate level,study_quiz
tell me what is encapsulation clearly,study_explain
summarize the uploaded document in a few points,study_summary
help me reduce this content to important points briefly,study_summary
make notes about database management in a structured format,study_notes
could you test my knowledge of data structures at beginner level,study_quiz
could you tell me what is feature engineering in an easy way,study_explain
i need to know give me a short revision of this lesson in short,study_summary
tell me turn this chapter into flashcards for revision,study_flashcards
could you tell me make flashcards for python concepts covering important concepts,study_flashcards
can you what is trending on social media if possible,generic
i need to know summarize the important formulas for quick revision,study_summary
please give me exam notes for this topic with headings,study_notes
help me test my understanding of operating systems for practice,study_quiz
can you help me recommend a restaurant nearby,generic
could you make notes about operating systems in simple language,study_notes
tell me explain primary keys and foreign keys,study_explain
create notes on artificial intelligence in simple language,study_notes
can you help me what can i do this weekend please,generic
please help me what is a good book to read for fun for me,generic
can you create notes on artificial intelligence in a structured format,study_notes
tell me generate questions for revision for my exam,study_quiz
can you what can i do this weekend this weekend,generic
what is a good book to read for fun if possible,generic
can you tell me summarize the uploaded document for my exam,study_summary
could you explain overfitting in machine learning in simple words,study_explain
i need to know help me understand computer networks with an example,study_explain
help me make practice questions for this lesson,study_quiz
i need to know give me an mcq test,study_quiz
can you explain cloud computing,study_explain
summarize this paragraph,study_summary
can you what is trending on social media this weekend,generic
can you prepare quick revision cards with questions and answers,study_flashcards
could you what is feature engineering step by step,study_explain
can you explain object oriented programming in detail,study_explain
help me create notes about operating system deadlocks in a structured format,study_notes
can you tell me what is feature engineering in an easy way,study_explain
please explain object oriented programming in detail,study_explain
could you tell me reduce this content to important points,study_summary
help me make notes about database management for my exam,study_notes
please make flashcards from this chapter covering important concepts,study_flashcards
suggest a movie for the weekend right now,generic
could you tell me quiz me on computer architecture for revision,study_quiz
tell me generate questions for revision for revision,study_quiz
please help me tell me a joke if possible,generic
tell me prepare flashcards for my exam for quick revision,study_flashcards
please suggest a movie for the weekend when you can,generic
turn my notes into study cards for quick revision,study_flashcards
i want to know create flashcards from my notes,study_flashcards
i want to know explain cloud computing for beginners,study_explain
can you explain sql joins with an example,study_explain
please what is a linked list in simple words,study_explain
please summarize the important formulas briefly,study_summary
can you tell me make flashcards about computer networks for my exam,study_flashcards
can you suggest a tv series if possible,generic
help me find a restaurant nearby please,generic
please what is feature engineering in simple terms,study_explain
tell me prepare concise notes on python in concise form,study_notes
please make revision flashcards for revision,study_flashcards
can you make flashcards from this chapter covering important concepts,study_flashcards
can you suggest a movie for the weekend today,generic
i need to know generate practice mcqs with answers,study_quiz
could you what is a good book to read for fun this weekend,generic
test me on machine learning for my exam,study_quiz
can you make notes on object oriented programming with important points,study_notes
i need to know what is inheritance in java step by step,study_explain
can you tell me turn these paragraphs into notes with headings,study_notes
please help me give me a simple dinner recipe today,generic
could you tell me what is inheritance in java step by step,study_explain
can you suggest a movie for the weekend for me,generic
i want to know turn these paragraphs into notes for revision,study_notes
please explain overfitting in machine learning for beginners,study_explain
could you suggest a tv series right now,generic
i need to know make a quiz about computer networks at beginner level,study_quiz
please generate 20 questions about python at beginner level,study_quiz
can you tell me turn this chapter into flashcards with questions and answers,study_flashcards
could you give me a short revision of this lesson in a few points,study_summary
can you tell me make a quick summary of this lesson for my exam,study_summary
can you make revision flashcards in simple language,study_flashcards
give me a simple dinner recipe for this evening,generic
tell me generate questions for revision,study_quiz
i need to know make flashcards for quick revision covering important concepts,study_flashcards
can you help me what is a good book to read for fun for this evening,generic
help me what can i do this weekend today,generic
give me multiple choice questions on normalization,study_quiz
can you what is a good book to read for fun this weekend,generic
i want to know make revision flashcards for my exam,study_flashcards
can you tell me summarize the important formulas in short,study_summary
explain sql joins clearly,study_explain
can you make notes about operating systems in a structured format,study_notes
can you make flashcards for python concepts for quick revision,study_flashcards
could you tell me create notes on artificial intelligence in concise form,study_notes
can you tell me create flashcards about operating systems for revision,study_flashcards
i need to know make practice questions for this lesson with multiple choice options,study_quiz
i want to know test my knowledge of data structures with answers,study_quiz
please quiz me on computer architecture at intermediate level,study_quiz
can you tell me make a quiz about computer networks for my exam,study_quiz
i want to know generate 20 questions about python with multiple choice options,study_quiz
could you tell me turn my notes into study cards for revision,study_flashcards
help me explain cloud computing for beginners,study_explain
please explain cloud computing in simple words,study_explain
tell me make notes on object oriented programming,study_notes
can you recommend a good book to read for fun for me,generic
can you suggest a restaurant nearby this weekend,generic
i need to know make a quick summary of this lesson in simple words,study_summary
give me practice questions on SQL,study_quiz
could you tell me create flashcards about operating systems for my exam,study_flashcards
could you tell me generate questions for revision for practice,study_quiz
please tell me a joke today,generic
could you tell me make revision notes for me for my exam,study_notes
could you generate practice mcqs at beginner level,study_quiz
can you explain cloud computing simply,study_explain
generate questions from my notes,study_quiz
could you tell me make flashcards about computer networks covering important concepts,study_flashcards
please help me recommend a restaurant nearby please,generic
tell me make notes about operating systems in a structured format,study_notes
please help me write a birthday message when you can,generic
i need help to recommend a restaurant nearby for this evening,generic
could you turn these paragraphs into notes for my exam,study_notes
could you tell me explain overfitting in machine learning step by step,study_explain
could you tell me make a quick summary of this lesson concisely,study_summary
test my knowledge of data structures with multiple choice options,study_quiz
could you make flashcards for quick revision,study_flashcards
i want to recommend a restaurant nearby today,generic
i need to know create notes on artificial intelligence for my exam,study_notes
i need to know generate revision notes in concise form,study_notes
can you how is the weather today for this evening,generic
i need to know generate questions for revision for revision,study_quiz
can you give me an mcq test at beginner level,study_quiz
could you tell me generate flashcards for revision for revision,study_flashcards
i want to know give me the essential points for quick revision,study_summary
can you make flashcards from this chapter for revision,study_flashcards
tell me generate revision notes with headings,study_notes
tell me explain overfitting in machine learning in detail,study_explain
give me some ideas for a movie for the weekend when you can,generic
could you tell me summarize the uploaded document briefly,study_summary
could you tell me explain primary keys and foreign keys simply,study_explain
could you create an exam quiz for me for practice,study_quiz
tell me generate revision notes in a structured format,study_notes
can you recommend a good book to read for fun for this evening,generic
can you tell me turn my notes into study cards for revision,study_flashcards
tell me make a quick summary of this lesson for quick revision,study_summary
i need to know quiz me on object oriented programming with multiple choice options,study_quiz
i want to give me a simple dinner recipe if possible,generic
could you tell me explain object oriented programming for beginners,study_explain
tell me make revision flashcards covering important concepts,study_flashcards
please test my knowledge of data structures for my exam,study_quiz
can you what is trending on social media for this evening,generic
i want to know quiz me on object oriented programming for revision,study_quiz
could you tell me create notes about operating system deadlocks,study_notes
please help me tell me a joke right now,generic
could you make a quiz about computer networks with answers,study_quiz
help me reduce this content to important points,study_summary
can you give me exam notes for this topic in simple language,study_notes
help me what is trending on social media this weekend,generic
can you tell me make notes about database management with important points,study_notes
how is the weather today if possible,generic
could you make a quick summary of this lesson concisely,study_summary
make these notes concise,study_summary
could you tell me make notes about database management for revision,study_notes
tell me turn my study material into notes in simple language,study_notes
can you give me a brief revision guide briefly,study_summary
could you tell me prepare quick revision cards with questions and answers,study_flashcards
i want to know explain cloud computing in detail,study_explain
give me the essential points,study_summary
help me test me on machine learning,study_quiz
test my understanding of operating systems with multiple choice options,study_quiz
help me give me a simple dinner recipe please,generic
could you help me recommend a restaurant nearby for this evening,generic
i need to know make revision notes for me in concise form,study_notes
i want to know what is inheritance in java step by step,study_explain
i need to know give me a brief overview of operating systems,study_summary
tell me make notes on object oriented programming in concise form,study_notes
could you tell me make notes on object oriented programming with headings,study_notes
what can i do this weekend please,generic
i need to know give me exam notes for this topic for my exam,study_notes
could you make this explanation shorter in short,study_summary
could you tell me make notes about operating systems with important points,study_notes
help me give me a short revision of this lesson for my exam,study_summary
tell me make revision flashcards with questions and answers,study_flashcards
could you tell me generate questions for revision with multiple choice options,study_quiz
can you make notes about database management,study_notes
help me what is inheritance in java,study_explain
i want to tell me a joke for me,generic
could you make practice questions for this lesson with answers,study_quiz
tell me give me a brief revision guide in simple words,study_summary
help me give me exam notes for this topic with headings,study_notes
i want to know test me on machine learning for my exam,study_quiz
please test my understanding of operating systems at beginner level,study_quiz
can you quiz me on computer architecture,study_quiz
what is a great book to read for fun please,generic
help me what can i do this weekend right now,generic
i need to know what is inheritance in java simply,study_explain
give me the chapter summary for my exam,study_summary
i want to know turn this study material into flashcards in simple language,study_flashcards
i need to know what is a linked list,study_explain
recommend a movie for the weekend right now,generic
i want to give me a simple dinner recipe for this evening,generic
i want to know quiz me on object oriented programming with multiple choice options,study_quiz
i need to know generate revision notes in a structured format,study_notes
tell me explain object oriented programming with an example,study_explain
can you help me tell me a joke this weekend,generic
please what is encapsulation simply,study_explain
can you tell me give me an mcq test at intermediate level,study_quiz
could you tell me make flashcards for quick revision with questions and answers,study_flashcards
could you generate 20 questions about python,study_quiz
could you tell me quiz me on computer architecture for practice,study_quiz
could you tell me what is a linked list simply,study_explain
could you tell me make this explanation shorter in a few points,study_summary
i need to know create flashcards from my notes,study_flashcards
suggest a movie for the weekend for this evening,generic
what is encapsulation in detail,study_explain
help me make flashcards about computer networks for quick revision,study_flashcards
could you reduce this content to important points,study_summary
could you help me recommend a restaurant nearby when you can,generic
could you tell me quiz me on object oriented programming with multiple choice options,study_quiz
please create notes about operating system deadlocks with headings,study_notes
can you turn this chapter into flashcards for quick revision,study_flashcards
could you tell me create notes for this chapter for revision,study_notes
could you tell me what is a linked list in simple terms,study_explain
please give me a brief revision guide for quick revision,study_summary
i need to know give me practice questions on sql with answers,study_quiz
i need to know turn my study material into notes with headings,study_notes
please give me a short revision of this lesson,study_summary
i need to know generate revision notes for my exam,study_notes
i want to know create flashcards from my notes for quick revision,study_flashcards
could you tell me give me a brief revision guide briefly,study_summary
could you what is feature engineering in simple terms,study_explain
can you tell me generate flashcards for revision in simple language,study_flashcards
can you help me suggest a movie for the weekend for me,generic
i want to what is trending on social media when you can,generic
can you give me an mcq test for my exam,study_quiz
can you give me a brief revision guide in simple words,study_summary
tell me make flashcards from this chapter with questions and answers,study_flashcards
can you give me an mcq test for practice,study_quiz
make a quiz about computer networks for my exam,study_quiz
could you tell me explain object oriented programming,study_explain
could you generate questions for revision,study_quiz
i want to know summarize the important formulas for my exam,study_summary
please help me what is a good book to read for fun for this evening,generic
prepare flashcards for my exam for quick revision,study_flashcards
could you tell me make revision notes for me with headings,study_notes
please generate cards for important concepts for my exam,study_flashcards
can you give me a simple dinner recipe right now,generic
summarize this study material,study_summary
could you give me the essential points in short,study_summary
i want to know prepare flashcards for my exam for my exam,study_flashcards
help me prepare notes about cloud computing for revision,study_notes
could you make flashcards for python concepts with questions and answers,study_flashcards
can you help me tell me a joke please,generic
i want to know turn my notes into study cards covering important concepts,study_flashcards
can you tell me create flashcards from my notes,study_flashcards
i need to know explain sql joins in simple words,study_explain
can you make revision notes for me for revision,study_notes
can you tell me what is feature engineering,study_explain
please tell me a joke,generic
i want to know give me practice questions on sql with answers,study_quiz
help me make flashcards from this chapter in simple language,study_flashcards
make practice questions for this lesson at beginner level,study_quiz
can you generate flashcards for revision for my exam,study_flashcards
can you give me exam notes for this topic for my exam,study_notes
could you generate revision notes,study_notes
tell me generate revision notes for revision,study_notes
could you turn this study material into flashcards with questions and answers,study_flashcards
can you tell me test me on machine learning with multiple choice options,study_quiz
generate flashcards for revision for quick revision,study_flashcards
could you generate flashcards for revision for revision,study_flashcards
generate cards for important concepts for my exam,study_flashcards
can you quiz me on object oriented programming with multiple choice options,study_quiz
explain sql joins simply,study_explain
can you tell me make a quick summary of this lesson for quick revision,study_summary
i want to know what are the main ideas here in short,study_summary
can you tell me what is feature engineering simply,study_explain
can you make this explanation shorter for my exam,study_summary
i want to know explain object oriented programming in detail,study_explain
give me a brief overview of operating systems for quick revision,study_summary
i want to know turn my study material into notes in a structured format,study_notes
can you tell me generate questions for revision with multiple choice options,study_quiz
could you tell me give me practice questions on sql with answers,study_quiz
tell me reduce this content to important points for my exam,study_summary
tell me turn my study material into notes,study_notes
i need to know explain overfitting in machine learning in simple words,study_explain
can you give me a simple dinner recipe this weekend,generic
test my knowledge of data structures for revision,study_quiz
can you tell me what is a linked list simply,study_explain
could you what is trending on social media for this evening,generic
could you prepare concise notes on python for revision,study_notes
i want to know create notes about operating system deadlocks with important points,study_notes
can you make a quiz about computer networks for revision,study_quiz
make revision notes for me,study_notes
i want to know make flashcards about computer networks,study_flashcards
what is trending on social media right now,generic
i need to know give me practice questions on sql with multiple choice options,study_quiz
can you give me a simple dinner recipe for me,generic
recommend a tv series this weekend,generic
i want to know make practice questions for this lesson with multiple choice options,study_quiz
could you what can i do this weekend please,generic
i want to know give me an mcq test at beginner level,study_quiz
i want to know generate revision notes for revision,study_notes
could you make flashcards from this chapter covering important concepts,study_flashcards
could you tell me reduce this content to important points briefly,study_summary
can you tell me what is encapsulation simply,study_explain
can you tell me summarize the important formulas in simple words,study_summary
i want to know test me on machine learning for practice,study_quiz
i need to know reduce this content to important points,study_summary
tell me make notes on object oriented programming with headings,study_notes
help me give me exam notes for this topic for my exam,study_notes
could you how is the weather today if possible,generic
please make flashcards from this chapter in simple language,study_flashcards
can you tell me give me a brief revision guide in short,study_summary
give me practice questions on sql at intermediate level,study_quiz
could you give me a simple dinner recipe today,generic
can you give me exam notes for this topic,study_notes
help me make notes about database management in a structured format,study_notes
please give me the essential points for quick revision,study_summary
could you help me suggest a movie for the weekend today,generic
i need to know give me practice questions on sql for practice,study_quiz
i want to know make revision notes for me with headings,study_notes
could you tell me what is a linked list for beginners,study_explain
can you explain sql joins in simple words,study_explain
could you tell me quiz me on computer architecture for my exam,study_quiz
please turn my study material into notes,study_notes
please help me what can i do this weekend,generic
tell me make notes about database management in simple language,study_notes
help me prepare flashcards for my exam for my exam,study_flashcards
could you make a quick summary of this lesson for my exam,study_summary
could you tell me make notes on object oriented programming for my exam,study_notes
i want to give me a simple dinner recipe,generic
can you tell me give me the essential points,study_summary
tell me make notes about database management for revision,study_notes
can you help me suggest a tv series this weekend,generic
tell me summarize this article for studying,study_summary
could you generate 20 questions about python with answers,study_quiz
reduce this content to important points,study_summary
can you turn this chapter into flashcards for my exam,study_flashcards
turn this chapter into flashcards for my exam,study_flashcards
tell me prepare quick revision cards for revision,study_flashcards
tell me make revision notes for me with headings,study_notes
help me suggest a tv series if possible,generic
give me some ideas for a tv series please,generic
i need to know summarize the uploaded document in simple words,study_summary
please turn my notes into study cards for revision,study_flashcards
i need help to suggest a movie for the weekend when you can,generic
i need to know generate revision notes for revision,study_notes
i want to know what is encapsulation for beginners,study_explain
please make practice questions for this lesson,study_quiz
help me quiz me on object oriented programming with multiple choice options,study_quiz
explain primary keys and foreign keys in simple terms,study_explain
can you recommend a restaurant nearby for this evening,generic
can you turn these paragraphs into notes,study_notes
help me give me practice questions on sql for practice,study_quiz
what is a great book to read for fun if possible,generic
could you make notes about database management in simple language,study_notes
how far is Bangalore from Mumbai,generic
could you tell me make this explanation shorter concisely,study_summary
create flashcards about SQL,study_flashcards
can you tell me make revision flashcards,study_flashcards
i need to know generate practice mcqs at beginner level,study_quiz
please make a quick summary of this lesson briefly,study_summary
i want to know give me the chapter summary concisely,study_summary
i want to know make notes on object oriented programming with headings,study_notes
help me generate practice mcqs at beginner level,study_quiz
what is inheritance in java clearly,study_explain
could you tell me give me practice questions on sql,study_quiz
can you tell me generate practice mcqs at intermediate level,study_quiz
i need to know create an exam quiz for me,study_quiz
tell me make a quick summary of this lesson for my exam,study_summary
can you tell me summarize the causes of world war 1 in short,study_summary
can you tell me give me exam notes for this topic for revision,study_notes
i want to know give me a brief overview of operating systems briefly,study_summary
could you give me a brief overview of operating systems briefly,study_summary
could you tell me generate 20 questions about python for my exam,study_quiz
could you what is a good book to read for fun,generic
could you give me a brief revision guide in a few points,study_summary
help me give me the essential points in short,study_summary
can you recommend a good book to read for fun right now,generic
please give me a short revision of this lesson in short,study_summary
can you tell me test my understanding of operating systems at beginner level,study_quiz
i want to know create notes about operating system deadlocks in concise form,study_notes
give me some ideas for a movie for the weekend today,generic
can you tell me what is encapsulation clearly,study_explain
tell me make notes about operating systems with important points,study_notes
please create flashcards from my notes for revision,study_flashcards
could you generate questions for revision for practice,study_quiz
can you tell me test my understanding of operating systems for revision,study_quiz
i want to know help me understand computer networks for beginners,study_explain
could you tell me make this explanation shorter for quick revision,study_summary
could you prepare flashcards for my exam for my exam,study_flashcards
please prepare notes about cloud computing in a structured format,study_notes
what is an algorithm,study_explain
help me what is feature engineering,study_explain
tell me prepare notes about cloud computing for revision,study_notes
can you tell me generate revision notes in concise form,study_notes
i want to know turn this study material into flashcards for quick revision,study_flashcards
i need to know help me understand computer networks in simple words,study_explain
can you turn my study material into notes with headings,study_notes
could you tell me create notes on artificial intelligence for my exam,study_notes
can you make revision notes for me for my exam,study_notes
prepare notes about cloud computing in concise form,study_notes
could you tell me summarize the important formulas concisely,study_summary
help me turn these paragraphs into notes for my exam,study_notes
help me suggest a movie for the weekend today,generic
can you tell me turn these paragraphs into notes with important points,study_notes
help me give me the chapter summary briefly,study_summary
please suggest a movie for the weekend,generic
could you tell me turn these paragraphs into notes with important points,study_notes
could you tell me make flashcards for quick revision in simple language,study_flashcards
please test my knowledge of data structures at beginner level,study_quiz
could you make notes about database management in concise form,study_notes
help me prepare quick revision cards for my exam,study_flashcards
please help me what is trending on social media for me,generic
i need to know explain object oriented programming step by step,study_explain
could you help me what is a good book to read for fun this weekend,generic
i need to know prepare notes about cloud computing in a structured format,study_notes
can you tell me make this explanation shorter for my exam,study_summary
could you create flashcards about sql for my exam,study_flashcards
can you summarize the important formulas in simple words,study_summary
please make flashcards from this chapter,study_flashcards
please help me what is a good book to read for fun right now,generic
could you prepare flashcards for my exam for quick revision,study_flashcards
i need help to help me write a birthday message when you can,generic
could you suggest a tv series today,generic
can you quiz me on object oriented programming,study_quiz
please give me exam notes for this topic in simple language,study_notes
help me give me a brief overview of operating systems in a few points,study_summary
could you give me a brief revision guide in simple words,study_summary
can you tell me create notes about operating system deadlocks for my exam,study_notes
i need to know quiz me on computer architecture with multiple choice options,study_quiz
i want to know prepare flashcards for my exam in simple language,study_flashcards
could you tell me explain sql joins in an easy way,study_explain
can you help me tell me a joke,generic
summarize this article for studying briefly,study_summary
can you tell me prepare flashcards for my exam for revision,study_flashcards
i want to what is trending on social media for me,generic
help me test me on machine learning for practice,study_quiz
can you turn these paragraphs into notes in a structured format,study_notes
make flashcards for python concepts for my exam,study_flashcards
help me create flashcards about operating systems,study_flashcards
please generate 20 questions about python for revision,study_quiz
help me summarize the important formulas for my exam,study_summary
i need to know turn my study material into notes for revision,study_notes
help me summarize this article for studying concisely,study_summary
tell me prepare quick revision cards in simple language,study_flashcards
tell me turn this study material into flashcards with questions and answers,study_flashcards
please what is a linked list simply,study_explain
i need to know create an exam quiz for me for my exam,study_quiz
can you explain primary keys and foreign keys clearly,study_explain
could you tell me make flashcards about computer networks for my exam,study_flashcards
can you create flashcards from my notes covering important concepts,study_flashcards
tell me prepare flashcards for my exam,study_flashcards
give me some ideas for a tv series when you can,generic
could you tell me make notes on object oriented programming,study_notes
can you what is a linked list clearly,study_explain
i want to know prepare flashcards for my exam covering important concepts,study_flashcards
tell me generate flashcards for revision covering important concepts,study_flashcards
help me give me a simple dinner recipe right now,generic
i want to recommend a restaurant nearby when you can,generic
can you what is encapsulation in simple words,study_explain
can you tell me a joke today,generic
i want to know make flashcards for python concepts with questions and answers,study_flashcards
please help me understand computer networks step by step,study_explain
please prepare flashcards for my exam for my exam,study_flashcards
help me give me a brief revision guide briefly,study_summary
can you tell me help me understand computer networks step by step,study_explain
i want to know prepare concise notes on python in simple language,study_notes
generate 20 questions about python at beginner level,study_quiz
can you tell me make revision flashcards in simple language,study_flashcards
tell me turn my study material into notes in concise form,study_notes
could you tell me test me on machine learning,study_quiz
could you help me understand computer networks in simple terms,study_explain
tell me test my understanding of operating systems at beginner level,study_quiz
could you tell me make this explanation shorter briefly,study_summary
could you make notes on object oriented programming with important points,study_notes
i want to know what is a linked list in an easy way,study_explain
could you tell me make revision flashcards,study_flashcards
make revision flashcards covering important concepts,study_flashcards
give me recommendations for a restaurant nearby for this evening,generic
i need to know turn this chapter into flashcards for quick revision,study_flashcards
could you tell me generate practice mcqs for practice,study_quiz
help me prepare concise notes on python in concise form,study_notes
could you make notes about database management for my exam,study_notes
tell me make practice questions for this lesson,study_quiz
could you tell me explain overfitting in machine learning in detail,study_explain
help me explain sql joins step by step,study_explain
can you tell me prepare quick revision cards for my exam,study_flashcards
help me generate flashcards for revision with questions and answers,study_flashcards
could you turn my notes into study cards with questions and answers,study_flashcards
can you explain primary keys and foreign keys in simple terms,study_explain
help me summarize this article for studying in a few points,study_summary
could you tell me test me on machine learning at intermediate level,study_quiz
i want to know create flashcards from my notes in simple language,study_flashcards
what is a great book to read for fun when you can,generic
prepare flashcards for my exam covering important concepts,study_flashcards
could you create an exam quiz for me at beginner level,study_quiz
help me understand computer networks in an easy way,study_explain
make a quick summary of this lesson,study_summary
please give me a simple dinner recipe please,generic
tell me turn my study material into notes for my exam,study_notes
i want to know reduce this content to important points,study_summary
please turn this study material into flashcards for quick revision,study_flashcards
help me create notes on artificial intelligence for my exam,study_notes
i need to know prepare flashcards for my exam for quick revision,study_flashcards
reduce this content to important points briefly,study_summary
i want to know turn my notes into study cards in simple language,study_flashcards
can you tell me prepare notes about cloud computing in simple language,study_notes
can you help me give me a simple dinner recipe right now,generic
i need to know help me understand computer networks clearly,study_explain
i need to know quiz me on computer architecture at beginner level,study_quiz
i need to know give me a short revision of this lesson for quick revision,study_summary
can you tell me summarize this article for studying,study_summary
tell me give me practice questions on sql for practice,study_quiz
can you tell me explain sql joins step by step,study_explain
explain cloud computing step by step,study_explain
could you tell me make notes about database management in a structured format,study_notes
can you tell me create notes for this chapter,study_notes
can you give me a brief overview of operating systems for quick revision,study_summary
could you tell me make revision flashcards for revision,study_flashcards
could you tell me what is feature engineering step by step,study_explain
can you tell me give me a brief revision guide briefly,study_summary
can you give me the chapter summary in simple words,study_summary
can you prepare flashcards for my exam,study_flashcards
explain overfitting in machine learning,study_explain
could you recommend a restaurant nearby please,generic
could you tell me what is inheritance in java,study_explain
help me create notes on artificial intelligence with important points,study_notes
could you tell me turn this study material into flashcards,study_flashcards
can you create flashcards from my notes for revision,study_flashcards
can you what is inheritance in java,study_explain
can you suggest a tv series for me,generic
please make a quick summary of this lesson concisely,study_summary
tell me turn this study material into flashcards,study_flashcards
can you tell me quiz me on object oriented programming for revision,study_quiz
could you give me a simple dinner recipe,generic
could you turn these paragraphs into notes with headings,study_notes
help me make flashcards for quick revision for revision,study_flashcards
please give me practice questions on sql at beginner level,study_quiz
what is inheritance in java in detail,study_explain
i need to know what is inheritance in java in simple terms,study_explain
could you explain overfitting in machine learning in an easy way,study_explain
please make a quiz about computer networks with answers,study_quiz
could you tell me test me on machine learning with answers,study_quiz
help me make this explanation shorter,study_summary
please give me practice questions on sql for practice,study_quiz
can you create an exam quiz for me for my exam,study_quiz
help me create an exam quiz for me with answers,study_quiz
can you suggest a movie for the weekend when you can,generic
help me what is trending on social media for me,generic
give me a brief overview of operating systems in simple words,study_summary
tell me what is feature engineering clearly,study_explain
help me turn this chapter into flashcards covering important concepts,study_flashcards
tell me a joke today,generic
could you create an exam quiz for me for my exam,study_quiz
can you summarize this article for studying for quick revision,study_summary
can you generate cards for important concepts for revision,study_flashcards
i need to know create flashcards about operating systems covering important concepts,study_flashcards
i need help to suggest a tv series please,generic
please help me help me write a birthday message when you can,generic
can you suggest a good book to read for fun for this evening,generic
could you make practice questions for this lesson at beginner level,study_quiz
can you help me suggest a movie for the weekend today,generic
what is trending on social media for me,generic
suggest a birthday gift for my friend,generic
tell me make revision flashcards for quick revision,study_flashcards
generate multiple choice questions about Java,study_quiz
tell me explain cloud computing,study_explain
i need to know create flashcards from my notes covering important concepts,study_flashcards
what would be a good book to read for fun today,generic
help me summarize this article for studying for quick revision,study_summary
tell me explain overfitting in machine learning with an example,study_explain
prepare flashcards for my exam with questions and answers,study_flashcards
i need to know make notes about operating systems with headings,study_notes
can you tell me turn my notes into study cards,study_flashcards
can you create notes for this chapter for my exam,study_notes
please create notes about operating system deadlocks in a structured format,study_notes
could you tell me generate cards for important concepts,study_flashcards
tell me explain object oriented programming for beginners,study_explain
please give me a brief revision guide,study_summary
i want to know make flashcards from this chapter covering important concepts,study_flashcards
can you make flashcards for quick revision,study_flashcards
please summarize the causes of world war 1 in simple words,study_summary
help me understand computer networks in simple terms,study_explain
could you create notes about operating system deadlocks,study_notes
i want to know make notes about operating systems with important points,study_notes
please summarize the important formulas,study_summary
prepare quick revision cards for quick revision,study_flashcards
could you explain overfitting in machine learning with an example,study_explain
help me prepare concise notes on python with headings,study_notes
can you tell me explain primary keys and foreign keys clearly,study_explain
could you tell me make flashcards for quick revision covering important concepts,study_flashcards
could you reduce this content to important points in a few points,study_summary
generate flashcards for revision for revision,study_flashcards
could you tell me generate practice mcqs with answers,study_quiz
i need to know give me practice questions on sql at intermediate level,study_quiz
can you what is encapsulation in simple terms,study_explain
i need to know test my knowledge of data structures for practice,study_quiz
could you prepare quick revision cards for quick revision,study_flashcards
explain sql joins with an example,study_explain
i need to know give me a short revision of this lesson for my exam,study_summary
help me what is trending on social media please,generic
i want to what is a good book to read for fun right now,generic
please explain object oriented programming clearly,study_explain
i need to know create notes on artificial intelligence with headings,study_notes
could you create notes about operating system deadlocks in simple language,study_notes
can you tell me generate practice mcqs for revision,study_quiz
can you help me write a birthday message when you can,generic
could you tell me explain sql joins with an example,study_explain
please what is inheritance in java in detail,study_explain
i want to know summarize this article for studying in a few points,study_summary
i need to know summarize this article for studying in simple words,study_summary
make flashcards from this chapter in simple language,study_flashcards
create an exam quiz for me,study_quiz
could you tell me create notes about operating system deadlocks in concise form,study_notes
can you tell me give me the essential points concisely,study_summary
i want to know make notes about database management in a structured format,study_notes
could you tell me give me a brief overview of operating systems in short,study_summary
could you tell me make flashcards from this chapter in simple language,study_flashcards
give me a simple dinner recipe please,generic
can you tell me explain overfitting in machine learning in simple words,study_explain
tell me summarize this article for studying for my exam,study_summary
can you tell me make a quick summary of this lesson in a few points,study_summary
could you tell me test my knowledge of data structures with multiple choice options,study_quiz
help me quiz me on object oriented programming for practice,study_quiz
help me help me write a birthday message this weekend,generic
could you tell me make notes about database management,study_notes
could you turn this chapter into flashcards,study_flashcards
quiz me on object oriented programming at intermediate level,study_quiz
could you tell me test my knowledge of data structures for my exam,study_quiz
i need help to tell me a joke if possible,generic
help me test me on machine learning at intermediate level,study_quiz
please how is the weather today today,generic
can you help me tell me a joke when you can,generic
i need help to suggest a movie for the weekend,generic
could you tell me prepare quick revision cards for my exam,study_flashcards
explain the concept of probability,study_explain
test my understanding of operating systems at beginner level,study_quiz
please generate flashcards for revision for revision,study_flashcards
tell me give me a brief overview of operating systems for quick revision,study_summary
could you tell me test my knowledge of data structures with answers,study_quiz
i need to know make notes about operating systems,study_notes
give me practice questions on sql with answers,study_quiz
tell me turn my notes into study cards for my exam,study_flashcards
test my understanding of operating systems for revision,study_quiz
i need to know create flashcards about operating systems,study_flashcards
can you make flashcards about computer networks with questions and answers,study_flashcards
could you tell me make flashcards for python concepts for my exam,study_flashcards
tell me what is inheritance in java step by step,study_explain
tell me explain overfitting in machine learning simply,study_explain
help me give me a short revision of this lesson briefly,study_summary
please create notes about operating system deadlocks for my exam,study_notes
tell me make flashcards from this chapter in simple language,study_flashcards
can you recommend a tv series when you can,generic
can you make notes on object oriented programming for revision,study_notes
please what are the main ideas here for quick revision,study_summary
please test me on machine learning at beginner level,study_quiz
can you tell me make this explanation shorter concisely,study_summary
i need to know make notes about database management in simple language,study_notes
help me quiz me on computer architecture for practice,study_quiz
i need to know explain object oriented programming in detail,study_explain
i need help to help me write a birthday message today,generic
quiz me on object oriented programming for practice,study_quiz
i need help to tell me a joke right now,generic
please give me the chapter summary in a few points,study_summary
i want to know explain primary keys and foreign keys in simple terms,study_explain
tell me give me exam notes for this topic in simple language,study_notes
can you what is a good book to read for fun if possible,generic
could you tell me explain object oriented programming step by step,study_explain
could you make flashcards for quick revision for revision,study_flashcards
i want to know make practice questions for this lesson,study_quiz
can you recommend a tv series for me,generic
can you give me a brief revision guide for my exam,study_summary
i need help to what can i do this weekend today,generic
i want to know explain sql joins,study_explain
tell me give me practice questions on sql for revision,study_quiz
could you tell me prepare notes about cloud computing in a structured format,study_notes
i need to know test my knowledge of data structures at beginner level,study_quiz
please make notes about operating systems for my exam,study_notes
please generate questions for revision,study_quiz
i want to know generate cards for important concepts covering important concepts,study_flashcards
i want to know test my understanding of operating systems for my exam,study_quiz
tell me make notes about operating systems in concise form,study_notes
can you make notes about database management in simple language,study_notes
help me generate cards for important concepts in simple language,study_flashcards
can you create notes on artificial intelligence for my exam,study_notes
can you recommend a good book to read for fun if possible,generic
can you tell me quiz me on object oriented programming,study_quiz
i want to know turn this chapter into flashcards for my exam,study_flashcards
can you tell me create flashcards from my notes covering important concepts,study_flashcards
could you tell me give me exam notes for this topic with headings,study_notes
please make a quiz about computer networks for revision,study_quiz
can you test me on machine learning at beginner level,study_quiz
can you tell me reduce this content to important points in simple words,study_summary
summarize this article for studying,study_summary
help me generate 20 questions about python at beginner level,study_quiz
can you tell me generate questions for revision with answers,study_quiz
i want to know what is a linked list simply,study_explain
please turn this study material into flashcards,study_flashcards
i want to know give me practice questions on sql for practice,study_quiz
can you turn this study material into flashcards with questions and answers,study_flashcards
can you explain sql joins,study_explain
i need to know what is encapsulation for beginners,study_explain
i want to know give me the essential points in simple words,study_summary
i want to know create flashcards from my notes with questions and answers,study_flashcards
i want to know test my understanding of operating systems at beginner level,study_quiz
i need to know prepare flashcards for my exam covering important concepts,study_flashcards
help me quiz me on object oriented programming,study_quiz
i need to know create notes about operating system deadlocks for my exam,study_notes
can you explain overfitting in machine learning clearly,study_explain
i need to know create notes about operating system deadlocks in concise form,study_notes
could you tell me generate revision notes for revision,study_notes
could you tell me generate cards for important concepts with questions and answers,study_flashcards
could you tell me make practice questions for this lesson,study_quiz
could you explain sql joins step by step,study_explain
please test my understanding of operating systems for revision,study_quiz
turn these paragraphs into notes in simple language,study_notes
could you what is a good book to read for fun please,generic
could you suggest a movie for the weekend for this evening,generic
could you tell me what is encapsulation for beginners,study_explain
can you tell me what is inheritance in java in an easy way,study_explain
please make a quiz about computer networks,study_quiz
i want to know make revision notes for me in concise form,study_notes
could you help me help me write a birthday message this weekend,generic
please generate flashcards for revision in simple language,study_flashcards
could you tell me give me an mcq test with multiple choice options,study_quiz
what would be a good book to read for fun,generic
please give me a simple dinner recipe,generic
tell me explain cloud computing in simple words,study_explain
tell me create notes about operating system deadlocks with headings,study_notes
could you tell me create flashcards about operating systems in simple language,study_flashcards
help me what is a linked list,study_explain
could you tell me give me a short revision of this lesson concisely,study_summary
can you tell me summarize this article for studying for my exam,study_summary
create MCQs from this chapter,study_quiz
can you suggest a tv series for this evening,generic
i need to know give me the essential points for quick revision,study_summary
tell me summarize this article for studying for quick revision,study_summary
can you create flashcards about operating systems for quick revision,study_flashcards
can you give me practice questions on sql,study_quiz
i need to know create an exam quiz for me at intermediate level,study_quiz
please turn this chapter into flashcards in simple language,study_flashcards
tell me give me the chapter summary briefly,study_summary
help me what is encapsulation for beginners,study_explain
please explain cloud computing,study_explain
help me make flashcards from this chapter covering important concepts,study_flashcards
i want to know make flashcards about computer networks covering important concepts,study_flashcards
generate questions for revision with multiple choice options,study_quiz
tell me generate 20 questions about python at beginner level,study_quiz
help me tell me a joke right now,generic
could you what is trending on social media if possible,generic
can you tell me summarize the important formulas in a few points,study_summary
please prepare quick revision cards,study_flashcards
i want to know explain overfitting in machine learning clearly,study_explain
help me what are the main ideas here concisely,study_summary
tell me quiz me on object oriented programming for practice,study_quiz
can you generate revision notes in concise form,study_notes
help me test my knowledge of data structures,study_quiz
test my knowledge of data structures at beginner level,study_quiz
i want to give me a simple dinner recipe when you can,generic
can you prepare quick revision cards covering important concepts,study_flashcards
create notes about operating system deadlocks in concise form,study_notes
i need to know test my knowledge of data structures with answers,study_quiz
what is the difference between HTTP and HTTPS,study_explain
can you tell me make a quick summary of this lesson,study_summary
please give me a short revision of this lesson for quick revision,study_summary
i need to know quiz me on object oriented programming for my exam,study_quiz
can you help me what can i do this weekend if possible,generic
can you prepare quick revision cards for quick revision,study_flashcards
could you what is trending on social media,generic
tell me explain cloud computing in detail,study_explain
i want to know what is encapsulation in an easy way,study_explain
i want to know generate practice mcqs for revision,study_quiz
can you help me help me write a birthday message,generic
make multiple choice questions from this topic,study_quiz
can you tell me give me a brief overview of operating systems concisely,study_summary
help me explain overfitting in machine learning,study_explain
tell me create flashcards about operating systems for revision,study_flashcards
i need help to give me a simple dinner recipe for me,generic
summarize the uploaded document in short,study_summary
please prepare quick revision cards covering important concepts,study_flashcards
could you give me a brief overview of operating systems for my exam,study_summary
i need to know prepare notes about cloud computing for revision,study_notes
please test me on machine learning with multiple choice options,study_quiz
i want to know create an exam quiz for me for revision,study_quiz
help me test me on machine learning for revision,study_quiz
help me make flashcards about computer networks for revision,study_flashcards
could you help me recommend a restaurant nearby this weekend,generic
i need to know generate cards for important concepts in simple language,study_flashcards
i want to know give me a brief overview of operating systems in a few points,study_summary
i need to know summarize the uploaded document for my exam,study_summary
can you tell me explain cloud computing,study_explain
could you make a quick summary of this lesson in a few points,study_summary
can you tell me make a quiz about computer networks for revision,study_quiz
can you suggest a tv series please,generic
please make notes on object oriented programming for revision,study_notes
what is a good book to read for fun for me,generic
could you tell me summarize the uploaded document in simple words,study_summary
generate cards for important concepts with questions and answers,study_flashcards
can you tell me make flashcards from this chapter,study_flashcards
could you tell me what is encapsulation step by step,study_explain
can you tell me summarize the important formulas for quick revision,study_summary
suggest a movie for the weekend today,generic
tell me generate cards for important concepts,study_flashcards
i want to know prepare notes about cloud computing for revision,study_notes
could you tell me prepare concise notes on python in a structured format,study_notes
could you help me understand computer networks with an example,study_explain
prepare notes about cloud computing for revision,study_notes
can you tell me reduce this content to important points in short,study_summary
can you give me the chapter summary concisely,study_summary
i want to know prepare concise notes on python with headings,study_notes
i need to know help me understand computer networks step by step,study_explain
can you give me exam notes for this topic with headings,study_notes
please explain cloud computing in simple terms,study_explain
what are the main ideas here for my exam,study_summary
could you tell me generate 20 questions about python,study_quiz
tell me give me exam notes for this topic for revision,study_notes
can you make flashcards for quick revision for my exam,study_flashcards
please generate practice mcqs with answers,study_quiz
could you make a quick summary of this lesson in short,study_summary
please make practice questions for this lesson for revision,study_quiz
could you tell me help me understand computer networks with an example,study_explain
help me give me the essential points in a few points,study_summary
could you make this explanation shorter,study_summary
help me make flashcards about computer networks in simple language,study_flashcards
can you suggest a restaurant nearby for me,generic
could you tell me summarize the uploaded document for my exam,study_summary
tell me give me a brief overview of operating systems,study_summary
i need help to what can i do this weekend if possible,generic
can you recommend a movie for the weekend this weekend,generic
summarize this topic quickly,study_summary
help me explain object oriented programming in an easy way,study_explain
help me what is inheritance in java in simple terms,study_explain
please help me how is the weather today if possible,generic
give me practice questions on sql for revision,study_quiz
can you explain object oriented programming in an easy way,study_explain
i need to know make notes about database management in concise form,study_notes
please help me understand computer networks simply,study_explain
can you what is encapsulation clearly,study_explain
please help me what is a good book to read for fun when you can,generic
quiz me about the OSI model,study_quiz
can you suggest a good book to read for fun right now,generic
please give me a brief overview of operating systems for quick revision,study_summary
could you tell me make revision notes for me in simple language,study_notes
i need to know give me a short revision of this lesson in simple words,study_summary
i need to know make a quiz about computer networks,study_quiz
could you tell me create an exam quiz for me at intermediate level,study_quiz
please quiz me on object oriented programming with answers,study_quiz
tell me generate revision notes in concise form,study_notes
can you generate 20 questions about python for practice,study_quiz
create notes about operating system deadlocks in simple language,study_notes
please help me what can i do this weekend please,generic
help me quiz me on object oriented programming at beginner level,study_quiz
tell me prepare quick revision cards covering important concepts,study_flashcards
give me a brief overview of operating systems in short,study_summary
could you turn this study material into flashcards,study_flashcards
help me what is inheritance in java in detail,study_explain
tell me generate revision notes in simple language,study_notes
can you tell me prepare notes about cloud computing for my exam,study_notes
help me explain overfitting in machine learning in an easy way,study_explain
explain Newton's second law,study_explain
tell me what is encapsulation in an easy way,study_explain
could you tell me quiz me on object oriented programming at intermediate level,study_quiz
what time is it in Tokyo,generic
can you tell me what is encapsulation step by step,study_explain
can you help me what is trending on social media right now,generic
summarize this article for studying for quick revision,study_summary
tell me explain sql joins for beginners,study_explain
can you explain cloud computing clearly,study_explain
i need to know turn these paragraphs into notes,study_notes
tell me make flashcards from this chapter covering important concepts,study_flashcards
please make notes on object oriented programming in simple language,study_notes
please what is inheritance in java with an example,study_explain
please explain primary keys and foreign keys with an example,study_explain
please create flashcards about operating systems with questions and answers,study_flashcards
could you tell me make flashcards for quick revision for quick revision,study_flashcards
can you tell me help me understand computer networks simply,study_explain
could you summarize the uploaded document for my exam,study_summary
help me explain primary keys and foreign keys with an example,study_explain
help me create notes about operating system deadlocks in concise form,study_notes
i want to know make notes about operating systems in a structured format,study_notes
tell me turn my notes into study cards in simple language,study_flashcards
could you help me write a birthday message,generic
can you test my knowledge of data structures for revision,study_quiz
i want to know generate questions for revision at beginner level,study_quiz
what is a great book to read for fun this weekend,generic
could you make a quick summary of this lesson,study_summary
help me help me understand computer networks in detail,study_explain
help me reduce this content to important points in a few points,study_summary
prepare concise notes on python in simple language,study_notes
make flashcards about computer networks in simple language,study_flashcards
can you give me a brief revision guide,study_summary
can you make this explanation shorter for quick revision,study_summary
help me make revision flashcards for quick revision,study_flashcards
i want to know what is feature engineering in simple terms,study_explain
i want to know prepare quick revision cards for my exam,study_flashcards
explain the water cycle,study_explain
i want to know prepare notes about cloud computing for my exam,study_notes
tell me create notes about operating system deadlocks in simple language,study_notes
tell me generate flashcards for revision,study_flashcards
help me create an exam quiz for me at beginner level,study_quiz
could you make notes about operating systems with important points,study_notes
help me quiz me on computer architecture,study_quiz
could you help me give me a simple dinner recipe for me,generic
prepare notes about data structures,study_notes
can you tell me quiz me on computer architecture for practice,study_quiz
tell me prepare quick revision cards,study_flashcards
could you help me what is a good book to read for fun if possible,generic
please explain sql joins for beginners,study_explain
can you tell me make flashcards for python concepts for quick revision,study_flashcards
can you tell me make practice questions for this lesson with answers,study_quiz
i need to know generate questions for revision at beginner level,study_quiz
help me suggest a movie for the weekend this weekend,generic
i want to know make this explanation shorter for quick revision,study_summary
can you tell me generate 20 questions about python with answers,study_quiz
can you explain sql joins in detail,study_explain
tell me summarize the uploaded document,study_summary
could you recommend a restaurant nearby when you can,generic
could you make notes about operating systems in a structured format,study_notes
summarize the causes of World War 1,study_summary
could you test my understanding of operating systems for my exam,study_quiz
can you tell me turn my notes into study cards covering important concepts,study_flashcards
i want to know create flashcards about operating systems with questions and answers,study_flashcards
i want to know make revision notes for me with important points,study_notes
could you prepare concise notes on python in simple language,study_notes
can you tell me turn these paragraphs into notes for my exam,study_notes
could you tell me quiz me on object oriented programming with answers,study_quiz
i want to know give me a short revision of this lesson briefly,study_summary
help me generate flashcards for revision for quick revision,study_flashcards
can you tell me give me a brief overview of operating systems briefly,study_summary
can you what are the main ideas here in a few points,study_summary
help me explain cloud computing in simple terms,study_explain
tell me make a quiz about computer networks,study_quiz
can you what is feature engineering,study_explain
could you prepare flashcards for my exam for revision,study_flashcards
can you tell me make flashcards for python concepts for revision,study_flashcards
make flashcards about computer networks covering important concepts,study_flashcards
can you create notes about operating system deadlocks for my exam,study_notes
could you help me suggest a movie for the weekend,generic
please turn this study material into flashcards for my exam,study_flashcards
make notes on object oriented programming,study_notes
i need help to suggest a tv series this weekend,generic
can you what is a good book to read for fun for me,generic
can you prepare notes about cloud computing with important points,study_notes
please what is feature engineering for beginners,study_explain
please help me what is a good book to read for fun today,generic
please create notes for this chapter in concise form,study_notes
can you tell me prepare notes about cloud computing with headings,study_notes
what are some travel destinations,generic
i need help to tell me a joke,generic
please suggest a movie for the weekend this weekend,generic
please turn my study material into notes in concise form,study_notes
tell me explain overfitting in machine learning for beginners,study_explain
tell me summarize the uploaded document for my exam,study_summary
can you test me on machine learning,study_quiz
help me create flashcards from my notes in simple language,study_flashcards
i want to know give me a brief revision guide,study_summary
could you generate flashcards for revision for quick revision,study_flashcards
please what can i do this weekend for this evening,generic
i need to know make flashcards from this chapter for quick revision,study_flashcards
please make notes about operating systems with important points,study_notes
please turn my study material into notes with headings,study_notes
please generate practice mcqs for practice,study_quiz
please turn my notes into study cards,study_flashcards
i need to know give me practice questions on sql,study_quiz
could you explain object oriented programming step by step,study_explain
can you tell me generate revision notes with important points,study_notes
i need to know what are the main ideas here briefly,study_summary
tell me summarize this article for studying briefly,study_summary
tell me create notes about operating system deadlocks in concise form,study_notes
make flashcards for quick revision for quick revision,study_flashcards
give me a brief overview of operating systems briefly,study_summary
help me make a quiz about computer networks at beginner level,study_quiz
please explain primary keys and foreign keys simply,study_explain
help me turn this study material into flashcards covering important concepts,study_flashcards
please make notes on object oriented programming in concise form,study_notes
can you tell me summarize the important formulas for my exam,study_summary
i want to know what is encapsulation in detail,study_explain
please help me recommend a restaurant nearby if possible,generic
could you tell me give me exam notes for this topic in simple language,study_notes
could you help me tell me a joke right now,generic
could you create an exam quiz for me for revision,study_quiz
can you help me how is the weather today today,generic
can you create flashcards about operating systems in simple language,study_flashcards
help me prepare notes about cloud computing for my exam,study_notes
generate 20 questions about python for my exam,study_quiz
please what is feature engineering in an easy way,study_explain
i need to know explain cloud computing simply,study_explain
i want to know prepare quick revision cards covering important concepts,study_flashcards
what is encapsulation with an example,study_explain
could you tell me make flashcards about computer networks for revision,study_flashcards
tell me create notes on artificial intelligence with headings,study_notes
can you tell me turn these paragraphs into notes for revision,study_notes
could you tell me give me the essential points concisely,study_summary
please turn this study material into flashcards in simple language,study_flashcards
could you give me practice questions on sql,study_quiz
could you give me a brief revision guide briefly,study_summary
summarize the uploaded document concisely,study_summary
could you explain sql joins for beginners,study_explain
tell me give me practice questions on sql with answers,study_quiz
tell me make flashcards for quick revision,study_flashcards
could you tell me prepare quick revision cards for revision,study_flashcards
can you make flashcards from this chapter in simple language,study_flashcards
could you tell me summarize this article for studying for quick revision,study_summary
i want to know give me a brief revision guide for quick revision,study_summary
tell me make notes about database management in concise form,study_notes
can you tell me give me the essential points in short,study_summary
make flashcards about computer networks,study_flashcards
can you give me a short revision of this lesson in a few points,study_summary
tell me give me exam notes for this topic for my exam,study_notes
tell me summarize the uploaded document in a few points,study_summary
can you tell me reduce this content to important points briefly,study_summary
tell me make a quiz about computer networks at beginner level,study_quiz
please make notes on object oriented programming with headings,study_notes
could you create flashcards about operating systems for quick revision,study_flashcards
i need to know make a quick summary of this lesson for my exam,study_summary
tell me make notes about operating systems in simple language,study_notes
can you tell me what is inheritance in java in detail,study_explain
i need to know test my understanding of operating systems with answers,study_quiz
can you tell me make notes on object oriented programming for revision,study_notes
could you tell me turn my notes into study cards,study_flashcards
could you help me recommend a restaurant nearby,generic
can you what is feature engineering step by step,study_explain
i need to know quiz me on object oriented programming at intermediate level,study_quiz
i want to know create an exam quiz for me for my exam,study_quiz
i need to know give me the essential points briefly,study_summary
can you tell me turn these paragraphs into notes,study_notes
could you quiz me on object oriented programming with answers,study_quiz
help me test my understanding of operating systems,study_quiz
could you turn my study material into notes in a structured format,study_notes
i want to help me write a birthday message for me,generic
please give me a short revision of this lesson in simple words,study_summary
give me a quick revision summary,study_summary
could you make flashcards from this chapter for revision,study_flashcards
i need help to what is trending on social media right now,generic
help me create an exam quiz for me for revision,study_quiz
tell me what is a linked list in an easy way,study_explain
i want to know what is inheritance in java simply,study_explain
can you tell me what is feature engineering step by step,study_explain
could you explain cloud computing,study_explain
can you tell me explain overfitting in machine learning,study_explain
help me make flashcards for python concepts,study_flashcards
please help me suggest a movie for the weekend when you can,generic
could you give me a simple dinner recipe please,generic
could you give me a short revision of this lesson in short,study_summary
could you tell me summarize the important formulas,study_summary
tell me prepare concise notes on python for revision,study_notes
how is the weather today today,generic
give me recommendations for a restaurant nearby right now,generic
create an exam quiz for me at intermediate level,study_quiz
could you tell me what are the main ideas here concisely,study_summary
could you tell me give me a short revision of this lesson in short,study_summary
can you tell me make this explanation shorter,study_summary
could you help me help me write a birthday message if possible,generic
help me give me practice questions on sql at beginner level,study_quiz
i need to know test my understanding of operating systems at beginner level,study_quiz
help me make a quiz about computer networks with answers,study_quiz
could you help me what is a good book to read for fun,generic
i want to what can i do this weekend this weekend,generic
help me make a quiz about computer networks for practice,study_quiz
could you give me a short revision of this lesson for quick revision,study_summary
please reduce this content to important points briefly,study_summary
i need help to what is a good book to read for fun this weekend,generic
i want to know create notes about operating system deadlocks,study_notes
please create notes on artificial intelligence,study_notes
i want to know make flashcards for python concepts for quick revision,study_flashcards
could you tell me make revision flashcards with questions and answers,study_flashcards
could you what are the main ideas here,study_summary
can you tell me make notes on object oriented programming in simple language,study_notes
tell me test my understanding of operating systems for revision,study_quiz
can you make a quiz about computer networks for my exam,study_quiz
i need to know explain sql joins,study_explain
can you explain cloud computing in simple words,study_explain
can you tell me make notes on object oriented programming for my exam,study_notes
help me tell me a joke today,generic
tell me make notes on object oriented programming in simple language,study_notes
turn these paragraphs into notes in concise form,study_notes
can you tell me make a quiz about computer networks with multiple choice options,study_quiz
i need help to give me a simple dinner recipe today,generic
what is encapsulation clearly,study_explain
help me make revision flashcards with questions and answers,study_flashcards
help me make practice questions for this lesson at beginner level,study_quiz
can you what are the main ideas here for quick revision,study_summary
what is deadlock in operating systems,study_explain
can you what is a good book to read for fun right now,generic
help me make flashcards for quick revision with questions and answers,study_flashcards
could you tell me give me practice questions on sql for my exam,study_quiz
i want to know make notes about database management in concise form,study_notes
i need to know generate flashcards for revision for my exam,study_flashcards
make practice questions for this lesson for revision,study_quiz
could you tell me quiz me on object oriented programming for revision,study_quiz
quiz me on object oriented programming for revision,study_quiz
could you turn my notes into study cards for revision,study_flashcards
help me what is a good book to read for fun right now,generic
can you tell me generate cards for important concepts for my exam,study_flashcards
please give me a short revision of this lesson concisely,study_summary
tell me explain primary keys and foreign keys with an example,study_explain
suggest something fun to do tonight,generic
can you tell me turn this study material into flashcards for quick revision,study_flashcards
reduce this content to important points in a few points,study_summary
generate 20 questions about python at intermediate level,study_quiz
could you make notes on object oriented programming for revision,study_notes
i need help to what can i do this weekend this weekend,generic
i want to know make a quiz about computer networks at beginner level,study_quiz
help me what is inheritance in java simply,study_explain
i want to know make flashcards for quick revision with questions and answers,study_flashcards
help me what is trending on social media,generic
can you prepare notes about cloud computing in concise form,study_notes
please what is inheritance in java in simple terms,study_explain
please generate flashcards for revision for my exam,study_flashcards
please summarize this article for studying,study_summary
help me test my knowledge of data structures for practice,study_quiz
help me create notes about operating system deadlocks,study_notes
prepare flashcards for my exam in simple language,study_flashcards
can you explain object oriented programming,study_explain
i need to know what are the main ideas here for quick revision,study_summary
what is a great book to read for fun right now,generic
help me what is encapsulation in simple words,study_explain
i need to know make flashcards from this chapter for revision,study_flashcards
can you what can i do this weekend today,generic
i want to know create notes on artificial intelligence in a structured format,study_notes
give me exam notes for this topic for revision,study_notes
could you what are the main ideas here for my exam,study_summary
i need to know turn my notes into study cards with questions and answers,study_flashcards
help me help me write a birthday message,generic
can you tell me turn this study material into flashcards for my exam,study_flashcards
can you help me suggest a tv series right now,generic
could you tell me explain sql joins clearly,study_explain
can you give me the chapter summary,study_summary
please help me suggest a tv series please,generic
summarize this article for studying concisely,study_summary
could you help me suggest a movie for the weekend please,generic
can you generate questions for revision for practice,study_quiz
i need help to tell me a joke when you can,generic
please prepare notes about cloud computing in concise form,study_notes
could you summarize the uploaded document,study_summary
could you explain object oriented programming with an example,study_explain
could you tell me generate flashcards for revision for my exam,study_flashcards
could you tell me give me a short revision of this lesson in a few points,study_summary
i want to know explain object oriented programming with an example,study_explain
tell me make flashcards about computer networks for my exam,study_flashcards
could you prepare quick revision cards covering important concepts,study_flashcards
can you what is a linked list,study_explain
recommend a tv series right now,generic
could you tell me create notes about operating system deadlocks in a structured format,study_notes
i need to know give me a brief overview of operating systems in simple words,study_summary
i want to know quiz me on object oriented programming for my exam,study_quiz
generate 20 questions about python for practice,study_quiz
i need help to what can i do this weekend for me,generic
help me prepare concise notes on python in a structured format,study_notes
can you tell me summarize this article for studying for quick revision,study_summary
i need to know make this explanation shorter in simple words,study_summary
tell me a joke if possible,generic
help me make practice questions for this lesson for practice,study_quiz
tell me something funny,generic
give me exam notes for this topic in concise form,study_notes
make revision flashcards for quick revision,study_flashcards
please help me give me a simple dinner recipe,generic
i need to know make revision notes for me in a structured format,study_notes
can you explain object oriented programming in simple terms,study_explain
please what is feature engineering step by step,study_explain
i want to know make notes about database management in simple language,study_notes
can you tell me generate 20 questions about python for practice,study_quiz
i want to help me write a birthday message this weekend,generic
help me summarize this article for studying in short,study_summary
please create flashcards about operating systems for quick revision,study_flashcards
could you summarize the uploaded document in simple words,study_summary
can you quiz me on computer architecture with multiple choice options,study_quiz
can you summarize the causes of world war 1 concisely,study_summary
could you explain cloud computing in an easy way,study_explain
could you give me a brief revision guide for quick revision,study_summary
i want to know make a quick summary of this lesson in a few points,study_summary
tell me what is feature engineering with an example,study_explain
i need to know turn these paragraphs into notes for my exam,study_notes
can you tell me make this explanation shorter in simple words,study_summary
can you explain primary keys and foreign keys for beginners,study_explain
tell me give me the chapter summary in a few points,study_summary
can you help me suggest a movie for the weekend right now,generic
help me generate practice mcqs with answers,study_quiz
please recommend a restaurant nearby,generic
i need to know prepare concise notes on python in simple language,study_notes
i need to know turn these paragraphs into notes in simple language,study_notes
please prepare flashcards for my exam covering important concepts,study_flashcards
could you tell me create notes for this chapter in a structured format,study_notes
can you make a quiz about computer networks with multiple choice options,study_quiz
can you quiz me on computer architecture for practice,study_quiz
tell me turn this study material into flashcards for revision,study_flashcards
can you turn this study material into flashcards for quick revision,study_flashcards
please help me what can i do this weekend right now,generic
help me give me a brief overview of operating systems,study_summary
help me generate cards for important concepts,study_flashcards
create notes about operating system deadlocks for my exam,study_notes
can you recommend a good book to read for fun,generic
please give me exam notes for this topic in concise form,study_notes
could you generate practice mcqs with multiple choice options,study_quiz
explain object oriented programming,study_explain
i want to know give me a brief overview of operating systems in simple words,study_summary
can you what is a linked list in detail,study_explain
could you test my knowledge of data structures for practice,study_quiz
can you tell me quiz me on computer architecture with answers,study_quiz
please generate revision notes in simple language,study_notes
i want to know explain overfitting in machine learning for beginners,study_explain
help me turn my study material into notes in a structured format,study_notes
create an exam quiz for me at beginner level,study_quiz
can you tell me explain sql joins in simple words,study_explain
can you tell me make flashcards about computer networks covering important concepts,study_flashcards
please explain primary keys and foreign keys for beginners,study_explain
i want to know turn these paragraphs into notes with important points,study_notes
make revision flashcards in simple language,study_flashcards
test me on SQL concepts,study_quiz
give me the important points from these notes,study_summary
i want to know create notes on artificial intelligence,study_notes
could you tell me make practice questions for this lesson for revision,study_quiz
can you tell me make notes about operating systems,study_notes
help me make a quick summary of this lesson for quick revision,study_summary
could you tell me prepare quick revision cards covering important concepts,study_flashcards
quiz me on computer architecture with multiple choice options,study_quiz
i need to know create notes about operating system deadlocks with important points,study_notes
could you tell me make a quick summary of this lesson in a few points,study_summary
can you help me write a birthday message right now,generic
i need help to suggest a tv series right now,generic
i want to know reduce this content to important points in simple words,study_summary
could you create notes on artificial intelligence in simple language,study_notes
could you tell me test my understanding of operating systems at beginner level,study_quiz
could you tell me give me a short revision of this lesson in simple words,study_summary
help me explain primary keys and foreign keys for beginners,study_explain
test me on machine learning with answers,study_quiz
help me make this explanation shorter concisely,study_summary
i want to know make flashcards about computer networks with questions and answers,study_flashcards
can you explain primary keys and foreign keys with an example,study_explain
generate flashcards for revision,study_flashcards
recommend a tv series please,generic
can you tell me explain cloud computing in simple terms,study_explain
could you tell me help me understand computer networks in an easy way,study_explain
tell me create flashcards about operating systems in simple language,study_flashcards
can you tell me prepare concise notes on python,study_notes
could you what can i do this weekend right now,generic
could you give me a brief revision guide concisely,study_summary
please explain cloud computing clearly,study_explain
i need to know explain object oriented programming in an easy way,study_explain
could you tell me create flashcards about sql with questions and answers,study_flashcards
could you recommend a restaurant nearby right now,generic
tell me what is encapsulation simply,study_explain
i want to know prepare flashcards for my exam for revision,study_flashcards
please make revision notes for me in a structured format,study_notes
can you test my understanding of operating systems for my exam,study_quiz
i want to know explain primary keys and foreign keys simply,study_explain
help me make notes on object oriented programming with important points,study_notes
tell me a joke for this evening,generic
help me create notes on artificial intelligence with headings,study_notes
please what is encapsulation step by step,study_explain
suggest a restaurant nearby this weekend,generic
generate cards for important concepts in simple language,study_flashcards
i need to know generate cards for important concepts with questions and answers,study_flashcards
i want to know generate practice mcqs at beginner level,study_quiz
could you help me suggest a movie for the weekend when you can,generic
please quiz me on computer architecture for practice,study_quiz
can you create an exam quiz for me at intermediate level,study_quiz
can you tell me make notes on object oriented programming with important points,study_notes
can you help me recommend a restaurant nearby today,generic
tell me create notes about operating system deadlocks,study_notes
can you tell me give me practice questions on sql,study_quiz
can you tell me summarize the uploaded document in a few points,study_summary
explain overfitting in machine learning step by step,study_explain
could you turn this study material into flashcards for quick revision,study_flashcards
i need to know explain cloud computing for beginners,study_explain
tell me make this explanation shorter concisely,study_summary
can you tell me what are the main ideas here for quick revision,study_summary
tell me make a quick summary of this lesson in short,study_summary
make notes on object oriented programming with headings,study_notes
can you give me a simple dinner recipe please,generic
tell me summarize the important formulas concisely,study_summary
i want to know generate questions for revision at intermediate level,study_quiz
could you tell me generate 20 questions about python with multiple choice options,study_quiz
can you tell me turn this chapter into flashcards in simple language,study_flashcards
i need help to suggest a movie for the weekend today,generic
can you tell me give me a brief overview of operating systems for quick revision,study_summary
could you tell me generate flashcards for revision covering important concepts,study_flashcards
tell me prepare notes about cloud computing in a structured format,study_notes
i want to know what is feature engineering with an example,study_explain
can you tell me prepare notes about cloud computing for revision,study_notes
generate revision notes for revision,study_notes
help me what is inheritance in java step by step,study_explain
could you tell me generate practice mcqs at beginner level,study_quiz
summarize the notes I uploaded,study_summary
could you tell me explain primary keys and foreign keys with an example,study_explain
tell me summarize this article for studying in simple words,study_summary
help me prepare concise notes on python,study_notes
i want to know make notes on object oriented programming for my exam,study_notes
please what are the main ideas here in short,study_summary
tell me give me the essential points in simple words,study_summary
can you tell me generate revision notes for my exam,study_notes
could you tell me prepare concise notes on python,study_notes
help me explain sql joins simply,study_explain
how do I make good coffee at home,generic
please generate practice mcqs for my exam,study_quiz
could you give me a brief overview of operating systems in short,study_summary
tell me turn these paragraphs into notes with important points,study_notes
could you generate 20 questions about python at intermediate level,study_quiz
could you tell me test my knowledge of data structures at intermediate level,study_quiz
can you give me a brief overview of operating systems for my exam,study_summary
i want to know give me the chapter summary in simple words,study_summary
can you help me write a birthday message this weekend,generic
can you explain primary keys and foreign keys in simple words,study_explain
i need to know summarize the uploaded document in short,study_summary
help me turn this study material into flashcards,study_flashcards
help me make practice questions for this lesson with multiple choice options,study_quiz
i need to know explain overfitting in machine learning in detail,study_explain
could you tell me give me a brief overview of operating systems,study_summary
help me summarize this article for studying briefly,study_summary
please create flashcards from my notes with questions and answers,study_flashcards
help me prepare concise notes on python in simple language,study_notes
can you reduce this content to important points concisely,study_summary
can you tell me prepare flashcards for my exam in simple language,study_flashcards
please explain sql joins,study_explain
please explain sql joins in simple terms,study_explain
can you summarize the important formulas in short,study_summary
help me what are the main ideas here for my exam,study_summary
can you tell me give me the chapter summary in simple words,study_summary
can you prepare concise notes on python in concise form,study_notes
could you what are the main ideas here concisely,study_summary
can you give me a short revision of this lesson in short,study_summary
create MCQs from these notes,study_quiz
prepare flashcards for my exam,study_flashcards
could you give me exam notes for this topic for revision,study_notes
please what is a linked list in simple terms,study_explain
help me make revision flashcards covering important concepts,study_flashcards
make flashcards from this chapter for quick revision,study_flashcards
turn my study material into notes in concise form,study_notes
help me make revision notes for me,study_notes
explain sql joins step by step,study_explain
can you make this explanation shorter concisely,study_summary
could you tell me explain object oriented programming clearly,study_explain
help me generate questions for revision for practice,study_quiz
can you tell me turn my study material into notes for revision,study_notes
tell me explain object oriented programming step by step,study_explain
can you explain cloud computing in an easy way,study_explain
i need to know generate 20 questions about python for revision,study_quiz
could you give me the essential points,study_summary
could you how is the weather today today,generic
help me create flashcards from my notes for my exam,study_flashcards
can you help me tell me a joke right now,generic
tell me help me understand computer networks simply,study_explain
help me summarize the uploaded document concisely,study_summary
where should I go for vacation,generic
tell me make practice questions for this lesson with answers,study_quiz
help me recommend a restaurant nearby if possible,generic
i need to know test my understanding of operating systems with multiple choice options,study_quiz
can you help me suggest a tv series if possible,generic
can you explain overfitting in machine learning in detail,study_explain
turn these paragraphs into notes with headings,study_notes
tell me make flashcards from this chapter for quick revision,study_flashcards
can you tell me make a quick summary of this lesson concisely,study_summary
please reduce this content to important points in short,study_summary
can you tell me what is a linked list with an example,study_explain
can you turn my notes into study cards in simple language,study_flashcards
please prepare flashcards for my exam with questions and answers,study_flashcards
could you help me what is trending on social media,generic
can you make a quick summary of this lesson in simple words,study_summary
make notes about operating systems in concise form,study_notes
can you tell me make flashcards for python concepts for my exam,study_flashcards
i want to know test my knowledge of data structures for revision,study_quiz
please turn these paragraphs into notes with important points,study_notes
quiz me on computer architecture with answers,study_quiz
please suggest a movie for the weekend right now,generic
can you prepare concise notes on python in a structured format,study_notes
help me turn this study material into flashcards with questions and answers,study_flashcards
turn my study material into notes for revision,study_notes
tell me test my understanding of operating systems with answers,study_quiz
i want to know generate practice mcqs for my exam,study_quiz
give me a brief revision guide in a few points,study_summary
please help me what is trending on social media right now,generic
can you summarize the uploaded document concisely,study_summary
could you summarize the important formulas,study_summary
tell me what is feature engineering in simple words,study_explain
i need to know make flashcards for python concepts covering important concepts,study_flashcards
generate flashcards for revision covering important concepts,study_flashcards
help me summarize the uploaded document for quick revision,study_summary
i want to know give me a brief revision guide in short,study_summary
make flashcards for quick revision in simple language,study_flashcards
can you help me suggest a movie for the weekend,generic
i want to know turn my study material into notes in concise form,study_notes
could you tell me make flashcards from this chapter covering important concepts,study_flashcards
i want to know summarize the causes of world war 1,study_summary
could you suggest a movie for the weekend if possible,generic
could you what is a good book to read for fun if possible,generic
give me practice questions on sql with multiple choice options,study_quiz
help me make revision notes for me for revision,study_notes
can you give me practice questions on sql for practice,study_quiz
please what is a linked list,study_explain
can you recommend a tv series for this evening,generic
i want to what is trending on social media this weekend,generic
can you tell me explain primary keys and foreign keys with an example,study_explain
what is a linked list in an easy way,study_explain
prepare notes about cloud computing for my exam,study_notes
i want to know generate 20 questions about python,study_quiz
please prepare concise notes on python for my exam,study_notes
could you tell me create an exam quiz for me for revision,study_quiz
please help me suggest a tv series when you can,generic
please explain sql joins with an example,study_explain
i need to know quiz me on computer architecture for my exam,study_quiz
what are some fun hobbies,generic
i need to know give me the chapter summary in simple words,study_summary
please test my knowledge of data structures,study_quiz
what is normalization in machine learning,study_explain
tell me create notes on artificial intelligence in concise form,study_notes
could you tell me make this explanation shorter,study_summary
i want to know turn this chapter into flashcards covering important concepts,study_flashcards
can you tell me make notes about database management with headings,study_notes
what is feature engineering simply,study_explain
help me make notes about operating systems with headings,study_notes
please create notes on artificial intelligence in a structured format,study_notes
please what is encapsulation with an example,study_explain
i need to know explain object oriented programming,study_explain
please make revision notes for me with important points,study_notes
give me some ideas for a tv series for me,generic
give me a quiz on probability,study_quiz
can you recommend a good book to read for fun please,generic
can you prepare quick revision cards for revision,study_flashcards
i want to know explain object oriented programming simply,study_explain
tell me give me the essential points briefly,study_summary
could you tell me what is encapsulation in simple words,study_explain
help me generate flashcards for revision,study_flashcards
please prepare flashcards for my exam for quick revision,study_flashcards
can you turn this chapter into flashcards with questions and answers,study_flashcards
could you what is a good book to read for fun today,generic
can you create flashcards from my notes for quick revision,study_flashcards
could you tell me prepare flashcards for my exam for my exam,study_flashcards
who won the match last night,generic
can you tell me make flashcards from this chapter in simple language,study_flashcards
could you reduce this content to important points concisely,study_summary
can you tell me create flashcards about operating systems for my exam,study_flashcards
can you suggest a restaurant nearby,generic
please give me exam notes for this topic for revision,study_notes
i need to know make notes about database management with important points,study_notes
generate notes for my exam,study_notes
can you tell me what is encapsulation in simple words,study_explain
tell me what is encapsulation,study_explain
can you explain sql joins step by step,study_explain
could you tell me make a quiz about computer networks for revision,study_quiz
could you tell me make notes about database management for my exam,study_notes
make flashcards from this lesson,study_flashcards
can you tell me a joke this weekend,generic
i want to know what is feature engineering simply,study_explain
can you help me suggest a movie for the weekend this weekend,generic
can you tell me turn this study material into flashcards with questions and answers,study_flashcards
could you make revision flashcards with questions and answers,study_flashcards
i want to know generate flashcards for revision for revision,study_flashcards
can you help me understand computer networks,study_explain
help me write a birthday message today,generic
i want to know generate flashcards for revision,study_flashcards
please create an exam quiz for me with multiple choice options,study_quiz
help me quiz me on computer architecture for my exam,study_quiz
i want to know make revision notes for me in a structured format,study_notes
i need to know generate questions for revision for practice,study_quiz
please explain primary keys and foreign keys in an easy way,study_explain
can you give me the chapter summary in a few points,study_summary
i need to know give me the essential points concisely,study_summary
can you tell me make flashcards about computer networks in simple language,study_flashcards
help me what are the main ideas here in a few points,study_summary
can you generate flashcards for revision in simple language,study_flashcards
can you tell me a joke when you can,generic
i need to know what is feature engineering for beginners,study_explain
what would be a good book to read for fun please,generic
tell me create flashcards from my notes in simple language,study_flashcards
could you tell me create notes on artificial intelligence,study_notes
can you tell me make notes about database management for my exam,study_notes
tell me what are the main ideas here in short,study_summary
tell me make a quiz about computer networks with multiple choice options,study_quiz
please give me the essential points concisely,study_summary
help me recommend a restaurant nearby please,generic
can you tell me what are the main ideas here in simple words,study_summary
i want to know turn my study material into notes,study_notes
could you prepare notes about cloud computing in concise form,study_notes
i want to know summarize this article for studying,study_summary
please make this explanation shorter in simple words,study_summary
please what are the main ideas here concisely,study_summary
can you recommend a movie for the weekend for this evening,generic
